-- ----------------------------
-- Table structure for ACT_TYP
-- ----------------------------
-- DROP TABLE "DSV_ASSRT"."ACT_TYP";
CREATE TABLE "DSV_ASSRT"."ACT_TYP" (
"ACT_TYP_CD" CHAR(5) NOT NULL ,
"ACT_TYP_DES" VARCHAR2(255) NULL 
)
;

-- ----------------------------
-- Records of ACT_TYP
-- ----------------------------
INSERT INTO "DSV_ASSRT"."ACT_TYP" ("ACT_TYP_CD", "ACT_TYP_DES") VALUES ('Ign  ', 'Ignore');
INSERT INTO "DSV_ASSRT"."ACT_TYP" ("ACT_TYP_CD", "ACT_TYP_DES") VALUES ('Start', 'Start Decimal');
INSERT INTO "DSV_ASSRT"."ACT_TYP" ("ACT_TYP_CD", "ACT_TYP_DES") VALUES ('End  ', 'End Decimal');
INSERT INTO "DSV_ASSRT"."ACT_TYP" ("ACT_TYP_CD", "ACT_TYP_DES") VALUES ('Low  ', 'Low');
INSERT INTO "DSV_ASSRT"."ACT_TYP" ("ACT_TYP_CD", "ACT_TYP_DES") VALUES ('High ', 'High');
INSERT INTO "DSV_ASSRT"."ACT_TYP" ("ACT_TYP_CD", "ACT_TYP_DES") VALUES ('Averg', 'Averge');
INSERT INTO "DSV_ASSRT"."ACT_TYP" ("ACT_TYP_CD", "ACT_TYP_DES") VALUES ('Mod  ', 'Mod');


-- ----------------------------
-- Table structure for CMPTR_LVL
-- ----------------------------
-- DROP TABLE "DSV_ASSRT"."CMPTR_LVL";
CREATE TABLE "DSV_ASSRT"."CMPTR_LVL" (
"CMPTR_ID" NUMBER(38) NOT NULL ,
"LVL_ID" NUMBER(38) NOT NULL ,
"CRE8_UID" CHAR(20) NOT NULL ,
"CRE8_TS" TIMESTAMP(6)  NOT NULL ,
"LST_UPDT_UID" VARCHAR2(20) NULL ,
"LST_UPDT_TS" TIMESTAMP(6)  NULL 
)




;

-- ----------------------------
-- Records of CMPTR_LVL
-- ----------------------------

-- ----------------------------
-- Table structure for DSV_PROD_CTLG
-- ----------------------------
-- DROP TABLE "DSV_ASSRT"."DSV_PROD_CTLG";
CREATE TABLE "DSV_ASSRT"."DSV_PROD_CTLG" (
"VEND_ID" NUMBER(38) NOT NULL ,
"PROD_SCN_CD" NUMBER(38) NOT NULL ,
"VEND_SKU_ID" VARCHAR2(20) NULL ,
"VEND_PROD_CD" VARCHAR2(20) NULL ,
"MFG_NM" VARCHAR2(20) NULL ,
"BRND_NM" VARCHAR2(20) NULL ,
"PROD_DES" VARCHAR2(30) NOT NULL ,
"CUST_PROD_DES" VARCHAR2(255) NULL ,
"BUYR_URL_TXT" VARCHAR2(255) NULL ,
"IMG_URL_TXT" VARCHAR2(255) NULL ,
"XTRNL_IMG_SW" CHAR(1) NOT NULL ,
"SELL_UNT_SZ" NUMBER(11,4) NULL ,
"UOM_TXT" VARCHAR2(20) NULL ,
"PK_QTY" NUMBER(9,4) NULL ,
"NEW_PK_QTY" NUMBER(9,4) NOT NULL ,
"HT_AMT" NUMBER(11,4) NULL ,
"WD_AMT" NUMBER(11,4) NULL ,
"DPTH_AMT" NUMBER(11,4) NULL ,
"WT_AMT" NUMBER(11,4) NULL ,
"REV_STAT_CD" CHAR(5) NULL ,
"REV_UID" VARCHAR2(20) NULL ,
"REV_TS" TIMESTAMP(6)  NULL ,
"WEB_STAT_CD" CHAR(5) NULL ,
"PUB_TS" TIMESTAMP(6)  NULL ,
"HEB_COM_ID" NUMBER(38) NULL ,
"HEB_SUB_COM_ID" NUMBER(38) NULL ,
"BULK_ITM_SW" CHAR(1) NOT NULL ,
"HZRDS_MATRL_SW" CHAR(1) NOT NULL ,
"SHP_LEAD_DD_CNT" NUMBER NULL ,
"LRGE_BX_SZ" NUMBER(11,4) NOT NULL ,
"SHP_OUTSD_BX_SW" CHAR(1) NOT NULL ,
"CNTRY_ORIG_ID" NUMBER(38) NULL ,
"CRE8_UID" CHAR(20) NOT NULL ,
"CRE8_TS" TIMESTAMP(6)  NOT NULL ,
"LST_UPDT_UID" VARCHAR2(20) NULL ,
"LST_UPDT_TS" TIMESTAMP(6)  NULL 
)
;

-- ----------------------------
-- Records of DSV_PROD_CTLG
-- ----------------------------
INSERT INTO "DSV_ASSRT"."DSV_PROD_CTLG" ("VEND_ID", "PROD_SCN_CD", "VEND_SKU_ID", "VEND_PROD_CD", "MFG_NM", "BRND_NM", "PROD_DES", "CUST_PROD_DES", "BUYR_URL_TXT", "IMG_URL_TXT", "XTRNL_IMG_SW", "SELL_UNT_SZ", "UOM_TXT", "PK_QTY", "NEW_PK_QTY", "HT_AMT", "WD_AMT", "DPTH_AMT", "WT_AMT", "REV_STAT_CD", "REV_UID", "REV_TS", "WEB_STAT_CD", "PUB_TS", "HEB_COM_ID", "HEB_SUB_COM_ID", "BULK_ITM_SW", "HZRDS_MATRL_SW", "SHP_LEAD_DD_CNT", "LRGE_BX_SZ", "SHP_OUTSD_BX_SW", "CNTRY_ORIG_ID", "CRE8_UID", "CRE8_TS", "LST_UPDT_UID", "LST_UPDT_TS") VALUES ('12765', '16291442407', 'DLRDY200106', NULL, 'Playtex', 'MORTON & BASSET', 'TONES CHIVES CHOPPED', NULL, 'http://www.unbeatablesale.com/dlrdy200100.html', 'http://site.unbeatablesale.com/img397/dlrdy200100.gif', 'Y', '8', 'OZ', '3', '7', '1.70', '0.98', '2.06', '0.98', NULL, 'SYSTEM', {ts '2015-03-10 11:45:38.577000'}, NULL, NULL, '2', '16', 'Y', 'Y', '5', '3', 'Y', NULL, 'SYSTEM              ', {ts '2015-03-10 11:43:13.433587'}, 'SYSTEM', {ts '2015-03-10 11:43:13.433587'});
INSERT INTO "DSV_ASSRT"."DSV_PROD_CTLG" ("VEND_ID", "PROD_SCN_CD", "VEND_SKU_ID", "VEND_PROD_CD", "MFG_NM", "BRND_NM", "PROD_DES", "CUST_PROD_DES", "BUYR_URL_TXT", "IMG_URL_TXT", "XTRNL_IMG_SW", "SELL_UNT_SZ", "UOM_TXT", "PK_QTY", "NEW_PK_QTY", "HT_AMT", "WD_AMT", "DPTH_AMT", "WT_AMT", "REV_STAT_CD", "REV_UID", "REV_TS", "WEB_STAT_CD", "PUB_TS", "HEB_COM_ID", "HEB_SUB_COM_ID", "BULK_ITM_SW", "HZRDS_MATRL_SW", "SHP_LEAD_DD_CNT", "LRGE_BX_SZ", "SHP_OUTSD_BX_SW", "CNTRY_ORIG_ID", "CRE8_UID", "CRE8_TS", "LST_UPDT_UID", "LST_UPDT_TS") VALUES ('12765', '16291442408', 'DLRDY200106', NULL, 'Playtex', 'MORTON & BASSET', 'TONES CHIVES CHOPPED', NULL, 'http://www.unbeatablesale.com/dlrdy200100.html', 'http://site.unbeatablesale.com/img397/dlrdy200100.gif', 'Y', '8', 'OZ', '3', '7', '1.70', '0.98', '2.06', '0.98', NULL, 'SYSTEM', {ts '2015-03-10 11:45:38.577000'}, NULL, NULL, '2', '16', 'Y', 'Y', '5', '3', 'Y', NULL, 'SYSTEM              ', {ts '2015-03-10 11:43:13.433587'}, 'SYSTEM', {ts '2015-03-10 11:43:13.433587'});
INSERT INTO "DSV_ASSRT"."DSV_PROD_CTLG" ("VEND_ID", "PROD_SCN_CD", "VEND_SKU_ID", "VEND_PROD_CD", "MFG_NM", "BRND_NM", "PROD_DES", "CUST_PROD_DES", "BUYR_URL_TXT", "IMG_URL_TXT", "XTRNL_IMG_SW", "SELL_UNT_SZ", "UOM_TXT", "PK_QTY", "NEW_PK_QTY", "HT_AMT", "WD_AMT", "DPTH_AMT", "WT_AMT", "REV_STAT_CD", "REV_UID", "REV_TS", "WEB_STAT_CD", "PUB_TS", "HEB_COM_ID", "HEB_SUB_COM_ID", "BULK_ITM_SW", "HZRDS_MATRL_SW", "SHP_LEAD_DD_CNT", "LRGE_BX_SZ", "SHP_OUTSD_BX_SW", "CNTRY_ORIG_ID", "CRE8_UID", "CRE8_TS", "LST_UPDT_UID", "LST_UPDT_TS") VALUES ('12765', '16291442409', 'DLRDY200106', NULL, 'Playtex', 'MORTON & BASSET', 'TONES CHIVES CHOPPED', NULL, 'http://www.unbeatablesale.com/dlrdy200100.html', 'http://site.unbeatablesale.com/img397/dlrdy200100.gif', 'Y', '8', 'OZ', '3', '7', '1.70', '0.98', '2.06', '0.98', NULL, 'SYSTEM', {ts '2015-03-10 11:45:38.577000'}, NULL, NULL, '2', '16', 'Y', 'Y', '5', '3', 'Y', NULL, 'SYSTEM              ', {ts '2015-03-10 11:43:13.433587'}, 'SYSTEM', {ts '2015-03-10 11:43:13.433587'});

-- ----------------------------
-- Table structure for DSV_STG_HDR
-- ----------------------------
-- DROP TABLE "DSV_ASSRT"."DSV_STG_HDR";
CREATE TABLE "DSV_ASSRT"."DSV_STG_HDR" (
"VEND_ID" NUMBER(38) NOT NULL ,
"PROD_SCN_CD" NUMBER(38) NOT NULL ,
"LOGIC_STAT_CD" CHAR(5) NULL ,
"VEND_PROD_STAT_CD" CHAR(5) NULL ,
"PROC_STAT_CD" CHAR(1) NULL ,
"PROC_STRT_TS" TIMESTAMP(6)  NOT NULL ,
"PROC_END_TS" TIMESTAMP(6)  NOT NULL ,
"ERR_TYP_CD" CHAR(5) NULL ,
"ERR_RSN_TXT" VARCHAR2(255) NULL ,
"CRE8_UID" CHAR(20) NOT NULL ,
"CRE8_TS" TIMESTAMP(6)  NOT NULL ,
"LST_UPDT_UID" VARCHAR2(20) NOT NULL ,
"LST_UPDT_TS" TIMESTAMP(6)  NOT NULL 
)
;

-- ----------------------------
-- Records of DSV_STG_HDR
-- ----------------------------
INSERT INTO "DSV_ASSRT"."DSV_STG_HDR" ("VEND_ID", "PROD_SCN_CD", "LOGIC_STAT_CD", "VEND_PROD_STAT_CD", "PROC_STAT_CD", "PROC_STRT_TS", "PROC_END_TS", "ERR_TYP_CD", "ERR_RSN_TXT", "CRE8_UID", "CRE8_TS", "LST_UPDT_UID", "LST_UPDT_TS") VALUES ('12765', '16291442400', 'N    ', NULL, 'C', {ts '0001-01-01 00:00:00.000000'}, {ts '0001-01-01 00:00:00.000000'}, 'NMHH ', NULL, 'SYSTEM              ', {ts '2015-03-10 15:01:36.833728'}, 'SYSTEM', {ts '2015-03-10 15:06:23.992841'});
INSERT INTO "DSV_ASSRT"."DSV_STG_HDR" ("VEND_ID", "PROD_SCN_CD", "LOGIC_STAT_CD", "VEND_PROD_STAT_CD", "PROC_STAT_CD", "PROC_STRT_TS", "PROC_END_TS", "ERR_TYP_CD", "ERR_RSN_TXT", "CRE8_UID", "CRE8_TS", "LST_UPDT_UID", "LST_UPDT_TS") VALUES ('12765', '16291442401', 'N    ', NULL, 'C', {ts '0001-01-01 00:00:00.000000'}, {ts '0001-01-01 00:00:00.000000'}, 'NMHH ', NULL, 'SYSTEM              ', {ts '2015-03-10 15:01:36.833728'}, 'SYSTEM', {ts '2015-03-10 15:06:24.022338'});
INSERT INTO "DSV_ASSRT"."DSV_STG_HDR" ("VEND_ID", "PROD_SCN_CD", "LOGIC_STAT_CD", "VEND_PROD_STAT_CD", "PROC_STAT_CD", "PROC_STRT_TS", "PROC_END_TS", "ERR_TYP_CD", "ERR_RSN_TXT", "CRE8_UID", "CRE8_TS", "LST_UPDT_UID", "LST_UPDT_TS") VALUES ('12765', '16291442402', 'N    ', NULL, 'C', {ts '0001-01-01 00:00:00.000000'}, {ts '0001-01-01 00:00:00.000000'}, 'NMHH ', NULL, 'SYSTEM              ', {ts '2015-03-10 15:01:36.833728'}, 'SYSTEM', {ts '2015-03-10 15:06:24.052725'});
INSERT INTO "DSV_ASSRT"."DSV_STG_HDR" ("VEND_ID", "PROD_SCN_CD", "LOGIC_STAT_CD", "VEND_PROD_STAT_CD", "PROC_STAT_CD", "PROC_STRT_TS", "PROC_END_TS", "ERR_TYP_CD", "ERR_RSN_TXT", "CRE8_UID", "CRE8_TS", "LST_UPDT_UID", "LST_UPDT_TS") VALUES ('12765', '16291442403', 'N    ', NULL, 'C', {ts '0001-01-01 00:00:00.000000'}, {ts '0001-01-01 00:00:00.000000'}, 'EIV  ', NULL, 'SYSTEM              ', {ts '2015-03-10 15:01:36.833728'}, 'SYSTEM', {ts '2015-03-10 15:06:24.085413'});
INSERT INTO "DSV_ASSRT"."DSV_STG_HDR" ("VEND_ID", "PROD_SCN_CD", "LOGIC_STAT_CD", "VEND_PROD_STAT_CD", "PROC_STAT_CD", "PROC_STRT_TS", "PROC_END_TS", "ERR_TYP_CD", "ERR_RSN_TXT", "CRE8_UID", "CRE8_TS", "LST_UPDT_UID", "LST_UPDT_TS") VALUES ('12765', '16291442404', 'N    ', NULL, 'C', {ts '0001-01-01 00:00:00.000000'}, {ts '0001-01-01 00:00:00.000000'}, 'EIV  ', NULL, 'SYSTEM              ', {ts '2015-03-10 15:01:36.833728'}, 'SYSTEM', {ts '2015-03-10 15:06:24.115623'});
INSERT INTO "DSV_ASSRT"."DSV_STG_HDR" ("VEND_ID", "PROD_SCN_CD", "LOGIC_STAT_CD", "VEND_PROD_STAT_CD", "PROC_STAT_CD", "PROC_STRT_TS", "PROC_END_TS", "ERR_TYP_CD", "ERR_RSN_TXT", "CRE8_UID", "CRE8_TS", "LST_UPDT_UID", "LST_UPDT_TS") VALUES ('12765', '16291442406', 'N    ', NULL, 'C', {ts '0001-01-01 00:00:00.000000'}, {ts '0001-01-01 00:00:00.000000'}, 'EIV  ', NULL, 'SYSTEM              ', {ts '2015-03-10 15:01:36.833728'}, 'SYSTEM', {ts '2015-03-10 15:06:24.115623'});
INSERT INTO "DSV_ASSRT"."DSV_STG_HDR" ("VEND_ID", "PROD_SCN_CD", "LOGIC_STAT_CD", "VEND_PROD_STAT_CD", "PROC_STAT_CD", "PROC_STRT_TS", "PROC_END_TS", "ERR_TYP_CD", "ERR_RSN_TXT", "CRE8_UID", "CRE8_TS", "LST_UPDT_UID", "LST_UPDT_TS") VALUES ('12765', '16291442407', 'U    ', NULL, 'R', {ts '0001-01-01 00:00:00.000000'}, {ts '0001-01-01 00:00:00.000000'}, 'EIV  ', NULL, 'SYSTEM              ', {ts '2015-03-10 15:01:36.833728'}, 'SYSTEM', {ts '2015-03-10 15:06:24.115623'});
INSERT INTO "DSV_ASSRT"."DSV_STG_HDR" ("VEND_ID", "PROD_SCN_CD", "LOGIC_STAT_CD", "VEND_PROD_STAT_CD", "PROC_STAT_CD", "PROC_STRT_TS", "PROC_END_TS", "ERR_TYP_CD", "ERR_RSN_TXT", "CRE8_UID", "CRE8_TS", "LST_UPDT_UID", "LST_UPDT_TS") VALUES ('12765', '16291442408', 'C    ', NULL, 'R', {ts '0001-01-01 00:00:00.000000'}, {ts '0001-01-01 00:00:00.000000'}, 'EIV  ', NULL, 'SYSTEM              ', {ts '2015-03-10 15:01:36.833728'}, 'SYSTEM', {ts '2015-03-10 15:06:24.115623'});
INSERT INTO "DSV_ASSRT"."DSV_STG_HDR" ("VEND_ID", "PROD_SCN_CD", "LOGIC_STAT_CD", "VEND_PROD_STAT_CD", "PROC_STAT_CD", "PROC_STRT_TS", "PROC_END_TS", "ERR_TYP_CD", "ERR_RSN_TXT", "CRE8_UID", "CRE8_TS", "LST_UPDT_UID", "LST_UPDT_TS") VALUES ('12765', '16291442409', 'P    ', NULL, 'R', {ts '0001-01-01 00:00:00.000000'}, {ts '0001-01-01 00:00:00.000000'}, 'EIV  ', NULL, 'SYSTEM              ', {ts '2015-03-10 15:01:36.833728'}, 'SYSTEM', {ts '2015-03-10 15:06:24.115623'});
INSERT INTO "DSV_ASSRT"."DSV_STG_HDR" ("VEND_ID", "PROD_SCN_CD", "LOGIC_STAT_CD", "VEND_PROD_STAT_CD", "PROC_STAT_CD", "PROC_STRT_TS", "PROC_END_TS", "ERR_TYP_CD", "ERR_RSN_TXT", "CRE8_UID", "CRE8_TS", "LST_UPDT_UID", "LST_UPDT_TS") VALUES ('12765', '16291442410', 'N    ', NULL, 'R', {ts '0001-01-01 00:00:00.000000'}, {ts '0001-01-01 00:00:00.000000'}, 'EIV  ', NULL, 'SYSTEM              ', {ts '2015-03-10 15:01:36.833728'}, 'SYSTEM', {ts '2015-03-10 15:06:24.115623'});
-- ----------------------------
-- Table structure for DSV_STG_PROD_DTL
-- ----------------------------
-- DROP TABLE "DSV_ASSRT"."DSV_STG_PROD_DTL";
CREATE TABLE "DSV_ASSRT"."DSV_STG_PROD_DTL" (
"PROD_SCN_CD" NUMBER(38) NOT NULL ,
"VEND_ID" NUMBER(38) NOT NULL ,
"VEND_SKU_ID" VARCHAR2(20) NULL ,
"VEND_PROD_CD" VARCHAR2(20) NULL ,
"MFG_NM" VARCHAR2(20) NULL ,
"BRND_NM" VARCHAR2(20) NULL ,
"PROD_DES" VARCHAR2(30) NULL ,
"CUST_PROD_DES" VARCHAR2(255) NULL ,
"BUYR_URL_TXT" VARCHAR2(255) NULL ,
"IMG_URL_TXT" VARCHAR2(255) NULL ,
"XTRNL_IMG_SW" CHAR(1) NULL ,
"SELL_UNT_SZ" NUMBER(11,4) NULL ,
"UOM_TXT" VARCHAR2(20) NULL ,
"PK_QTY" NUMBER(9,4) NULL ,
"NEW_PK_QTY" NUMBER(9,4) NOT NULL ,
"CNTRY_OF_ORIG_TXT" VARCHAR2(20) NULL ,
"VEND_CAT_1_TXT" VARCHAR2(50) NULL ,
"VEND_CAT_2_TXT" VARCHAR2(50) NULL ,
"VEND_CAT_3_TXT" VARCHAR2(50) NULL ,
"VEND_CAT_4_TXT" VARCHAR2(50) NULL ,
"VEND_CAT_5_TXT" VARCHAR2(50) NULL ,
"VEND_CAT_6_TXT" VARCHAR2(50) NULL ,
"VEND_CAT_7_TXT" VARCHAR2(50) NULL ,
"VEND_CLS_DES" VARCHAR2(50) NULL ,
"VEND_DEPT_DES" VARCHAR2(50) NULL ,
"HT_AMT" NUMBER(11,4) NULL ,
"WD_AMT" NUMBER(11,4) NULL ,
"DPTH_AMT" NUMBER(11,4) NULL ,
"WT_AMT" NUMBER(11,4) NULL ,
"BULK_ITM_SW" CHAR(1) NULL ,
"HZRDS_MATRL_SW" CHAR(1) NULL ,
"SHP_LEAD_DD_CNT" NUMBER NULL ,
"LRGE_BX_SZ" NUMBER(11,4) NULL ,
"SHP_OUTSD_BX_SW" CHAR(1) NULL ,
"CNTRY_ORIG_ID" NUMBER(38) NULL 
)




;

-- ----------------------------
-- Records of DSV_STG_PROD_DTL
-- ----------------------------
INSERT INTO "DSV_ASSRT"."DSV_STG_PROD_DTL" ("PROD_SCN_CD", "VEND_ID", "VEND_SKU_ID", "VEND_PROD_CD", "MFG_NM", "BRND_NM", "PROD_DES", "CUST_PROD_DES", "BUYR_URL_TXT", "IMG_URL_TXT", "XTRNL_IMG_SW", "SELL_UNT_SZ", "UOM_TXT", "PK_QTY", "NEW_PK_QTY", "CNTRY_OF_ORIG_TXT", "VEND_CAT_1_TXT", "VEND_CAT_2_TXT", "VEND_CAT_3_TXT", "VEND_CAT_4_TXT", "VEND_CAT_5_TXT", "VEND_CAT_6_TXT", "VEND_CAT_7_TXT", "VEND_CLS_DES", "VEND_DEPT_DES", "HT_AMT", "WD_AMT", "DPTH_AMT", "WT_AMT", "BULK_ITM_SW", "HZRDS_MATRL_SW", "SHP_LEAD_DD_CNT", "LRGE_BX_SZ", "SHP_OUTSD_BX_SW", "CNTRY_ORIG_ID") VALUES ('16291442400', '12765', 'DLRDY200102', NULL, 'Playtex', 'MORTON & BASSET', 'TONES CHIVES CHOPPED', NULL, 'http://www.unbeatablesale.com/dlrdy200100.html', 'http://site.unbeatablesale.com/img397/dlrdy200100.gif', 'Y', '4', 'OZ', '3', '7', 'USA', 'CAT1', 'CAT2', NULL, NULL, NULL, NULL, NULL, 'SPICES SEASONING GRAVY COATING', 'NATURAL GROCERY', '1.70', '0.98', '2.06', '0.98', 'Y', 'Y', '5', '5', 'Y', NULL);
INSERT INTO "DSV_ASSRT"."DSV_STG_PROD_DTL" ("PROD_SCN_CD", "VEND_ID", "VEND_SKU_ID", "VEND_PROD_CD", "MFG_NM", "BRND_NM", "PROD_DES", "CUST_PROD_DES", "BUYR_URL_TXT", "IMG_URL_TXT", "XTRNL_IMG_SW", "SELL_UNT_SZ", "UOM_TXT", "PK_QTY", "NEW_PK_QTY", "CNTRY_OF_ORIG_TXT", "VEND_CAT_1_TXT", "VEND_CAT_2_TXT", "VEND_CAT_3_TXT", "VEND_CAT_4_TXT", "VEND_CAT_5_TXT", "VEND_CAT_6_TXT", "VEND_CAT_7_TXT", "VEND_CLS_DES", "VEND_DEPT_DES", "HT_AMT", "WD_AMT", "DPTH_AMT", "WT_AMT", "BULK_ITM_SW", "HZRDS_MATRL_SW", "SHP_LEAD_DD_CNT", "LRGE_BX_SZ", "SHP_OUTSD_BX_SW", "CNTRY_ORIG_ID") VALUES ('16291442401', '12765', 'DLRDY200103', NULL, 'Playtex', 'MORTON & BASSET', 'TONES CHIVES CHOPPED', NULL, 'http://www.unbeatablesale.com/dlrdy200100.html', 'http://site.unbeatablesale.com/img397/dlrdy200100.gif', 'Y', '5', 'OZ', '3', '7', 'USA', 'CAT1', 'CAT2', NULL, NULL, NULL, NULL, NULL, 'SPICES SEASONING GRAVY COATING', 'NATURAL GROCERY', '1.70', '0.98', '2.06', '0.98', 'Y', 'Y', '5', '3', 'Y', NULL);
INSERT INTO "DSV_ASSRT"."DSV_STG_PROD_DTL" ("PROD_SCN_CD", "VEND_ID", "VEND_SKU_ID", "VEND_PROD_CD", "MFG_NM", "BRND_NM", "PROD_DES", "CUST_PROD_DES", "BUYR_URL_TXT", "IMG_URL_TXT", "XTRNL_IMG_SW", "SELL_UNT_SZ", "UOM_TXT", "PK_QTY", "NEW_PK_QTY", "CNTRY_OF_ORIG_TXT", "VEND_CAT_1_TXT", "VEND_CAT_2_TXT", "VEND_CAT_3_TXT", "VEND_CAT_4_TXT", "VEND_CAT_5_TXT", "VEND_CAT_6_TXT", "VEND_CAT_7_TXT", "VEND_CLS_DES", "VEND_DEPT_DES", "HT_AMT", "WD_AMT", "DPTH_AMT", "WT_AMT", "BULK_ITM_SW", "HZRDS_MATRL_SW", "SHP_LEAD_DD_CNT", "LRGE_BX_SZ", "SHP_OUTSD_BX_SW", "CNTRY_ORIG_ID") VALUES ('16291442402', '12765', 'DLRDY200104', NULL, 'Playtex', 'MORTON & BASSET', 'TONES CHIVES CHOPPED', NULL, 'http://www.unbeatablesale.com/dlrdy200100.html', 'http://site.unbeatablesale.com/img397/dlrdy200100.gif', 'Y', '6', 'OZ', '3', '7', 'USA', 'CAT1', 'CAT2', NULL, NULL, NULL, NULL, NULL, 'SPICES SEASONING GRAVY COATING', 'NATURAL GROCERY', '1.70', '0.98', '2.06', '0.98', 'Y', 'Y', '5', '3', 'Y', NULL);
INSERT INTO "DSV_ASSRT"."DSV_STG_PROD_DTL" ("PROD_SCN_CD", "VEND_ID", "VEND_SKU_ID", "VEND_PROD_CD", "MFG_NM", "BRND_NM", "PROD_DES", "CUST_PROD_DES", "BUYR_URL_TXT", "IMG_URL_TXT", "XTRNL_IMG_SW", "SELL_UNT_SZ", "UOM_TXT", "PK_QTY", "NEW_PK_QTY", "CNTRY_OF_ORIG_TXT", "VEND_CAT_1_TXT", "VEND_CAT_2_TXT", "VEND_CAT_3_TXT", "VEND_CAT_4_TXT", "VEND_CAT_5_TXT", "VEND_CAT_6_TXT", "VEND_CAT_7_TXT", "VEND_CLS_DES", "VEND_DEPT_DES", "HT_AMT", "WD_AMT", "DPTH_AMT", "WT_AMT", "BULK_ITM_SW", "HZRDS_MATRL_SW", "SHP_LEAD_DD_CNT", "LRGE_BX_SZ", "SHP_OUTSD_BX_SW", "CNTRY_ORIG_ID") VALUES ('16291442403', '12765', 'DLRDY200105', NULL, 'Playtex', 'MORTON & BASSET', 'TONES CHIVES CHOPPED', NULL, 'http://www.unbeatablesale.com/dlrdy200100.html', 'http://site.unbeatablesale.com/img397/dlrdy200100.gif', 'Y', '7', 'OZ', '3', '7', 'USA', 'CAT1', NULL, NULL, NULL, NULL, NULL, NULL, 'SPICES SEASONING GRAVY COATING', 'NATURAL GROCERY', '1.70', '0.98', '2.06', '0.98', 'Y', 'Y', '5', '3', 'Y', NULL);
INSERT INTO "DSV_ASSRT"."DSV_STG_PROD_DTL" ("PROD_SCN_CD", "VEND_ID", "VEND_SKU_ID", "VEND_PROD_CD", "MFG_NM", "BRND_NM", "PROD_DES", "CUST_PROD_DES", "BUYR_URL_TXT", "IMG_URL_TXT", "XTRNL_IMG_SW", "SELL_UNT_SZ", "UOM_TXT", "PK_QTY", "NEW_PK_QTY", "CNTRY_OF_ORIG_TXT", "VEND_CAT_1_TXT", "VEND_CAT_2_TXT", "VEND_CAT_3_TXT", "VEND_CAT_4_TXT", "VEND_CAT_5_TXT", "VEND_CAT_6_TXT", "VEND_CAT_7_TXT", "VEND_CLS_DES", "VEND_DEPT_DES", "HT_AMT", "WD_AMT", "DPTH_AMT", "WT_AMT", "BULK_ITM_SW", "HZRDS_MATRL_SW", "SHP_LEAD_DD_CNT", "LRGE_BX_SZ", "SHP_OUTSD_BX_SW", "CNTRY_ORIG_ID") VALUES ('16291442404', '12765', 'DLRDY200106', NULL, 'Playtex', 'MORTON & BASSET', 'TONES CHIVES CHOPPED', NULL, 'http://www.unbeatablesale.com/dlrdy200100.html', 'http://site.unbeatablesale.com/img397/dlrdy200100.gif', 'Y', '8', 'OZ', '3', '7', 'USA', 'CAT1', NULL, NULL, NULL, NULL, NULL, NULL, 'SPICES SEASONING GRAVY COATING', 'NATURAL GROCERY', '1.70', '0.98', '2.06', '0.98', 'Y', 'Y', '5', '3', 'Y', NULL);
INSERT INTO "DSV_ASSRT"."DSV_STG_PROD_DTL" ("PROD_SCN_CD", "VEND_ID", "VEND_SKU_ID", "VEND_PROD_CD", "MFG_NM", "BRND_NM", "PROD_DES", "CUST_PROD_DES", "BUYR_URL_TXT", "IMG_URL_TXT", "XTRNL_IMG_SW", "SELL_UNT_SZ", "UOM_TXT", "PK_QTY", "NEW_PK_QTY", "CNTRY_OF_ORIG_TXT", "VEND_CAT_1_TXT", "VEND_CAT_2_TXT", "VEND_CAT_3_TXT", "VEND_CAT_4_TXT", "VEND_CAT_5_TXT", "VEND_CAT_6_TXT", "VEND_CAT_7_TXT", "VEND_CLS_DES", "VEND_DEPT_DES", "HT_AMT", "WD_AMT", "DPTH_AMT", "WT_AMT", "BULK_ITM_SW", "HZRDS_MATRL_SW", "SHP_LEAD_DD_CNT", "LRGE_BX_SZ", "SHP_OUTSD_BX_SW", "CNTRY_ORIG_ID") VALUES ('16291442406', '12765', 'DLRDY200106', NULL, 'Playtex', 'MORTON & BASSET', 'TONES CHIVES CHOPPED', NULL, 'http://www.unbeatablesale.com/dlrdy200100.html', 'http://site.unbeatablesale.com/img397/dlrdy200100.gif', 'Y', '8', 'OZ', '3', '7', 'USA', 'CAT1', NULL, NULL, NULL, NULL, NULL, NULL, 'SPICES SEASONING GRAVY COATING', 'NATURAL GROCERY', '1.70', '0.98', '2.06', '0.98', 'Y', 'Y', '5', '3', 'Y', NULL);
INSERT INTO "DSV_ASSRT"."DSV_STG_PROD_DTL" ("PROD_SCN_CD", "VEND_ID", "VEND_SKU_ID", "VEND_PROD_CD", "MFG_NM", "BRND_NM", "PROD_DES", "CUST_PROD_DES", "BUYR_URL_TXT", "IMG_URL_TXT", "XTRNL_IMG_SW", "SELL_UNT_SZ", "UOM_TXT", "PK_QTY", "NEW_PK_QTY", "CNTRY_OF_ORIG_TXT", "VEND_CAT_1_TXT", "VEND_CAT_2_TXT", "VEND_CAT_3_TXT", "VEND_CAT_4_TXT", "VEND_CAT_5_TXT", "VEND_CAT_6_TXT", "VEND_CAT_7_TXT", "VEND_CLS_DES", "VEND_DEPT_DES", "HT_AMT", "WD_AMT", "DPTH_AMT", "WT_AMT", "BULK_ITM_SW", "HZRDS_MATRL_SW", "SHP_LEAD_DD_CNT", "LRGE_BX_SZ", "SHP_OUTSD_BX_SW", "CNTRY_ORIG_ID") VALUES ('16291442407', '12765', 'DLRDY200106', NULL, 'Playtex', 'MORTON & BASSET', 'TONES CHIVES CHOPPED', NULL, 'http://www.unbeatablesale.com/dlrdy200100.html', 'http://site.unbeatablesale.com/img397/dlrdy200100.gif', 'Y', '8', 'OZ', '3', '7', 'USA', 'CAT1', NULL, NULL, NULL, NULL, NULL, NULL, 'SPICES SEASONING GRAVY COATING', 'NATURAL GROCERY', '1.70', '0.98', '2.06', '0.98', 'Y', 'Y', '5', '3', 'Y', NULL);
INSERT INTO "DSV_ASSRT"."DSV_STG_PROD_DTL" ("PROD_SCN_CD", "VEND_ID", "VEND_SKU_ID", "VEND_PROD_CD", "MFG_NM", "BRND_NM", "PROD_DES", "CUST_PROD_DES", "BUYR_URL_TXT", "IMG_URL_TXT", "XTRNL_IMG_SW", "SELL_UNT_SZ", "UOM_TXT", "PK_QTY", "NEW_PK_QTY", "CNTRY_OF_ORIG_TXT", "VEND_CAT_1_TXT", "VEND_CAT_2_TXT", "VEND_CAT_3_TXT", "VEND_CAT_4_TXT", "VEND_CAT_5_TXT", "VEND_CAT_6_TXT", "VEND_CAT_7_TXT", "VEND_CLS_DES", "VEND_DEPT_DES", "HT_AMT", "WD_AMT", "DPTH_AMT", "WT_AMT", "BULK_ITM_SW", "HZRDS_MATRL_SW", "SHP_LEAD_DD_CNT", "LRGE_BX_SZ", "SHP_OUTSD_BX_SW", "CNTRY_ORIG_ID") VALUES ('16291442408', '12765', 'DLRDY200106', NULL, 'Playtex', 'MORTON & BASSET', 'TONES CHIVES CHOPPED', NULL, 'http://www.unbeatablesale.com/dlrdy200100.html', 'http://site.unbeatablesale.com/img397/dlrdy200100.gif', 'Y', '8', 'OZ', '3', '7', 'USA', 'CAT1', NULL, NULL, NULL, NULL, NULL, NULL, 'SPICES SEASONING GRAVY COATING', 'NATURAL GROCERY', '1.70', '0.98', '2.06', '0.98', 'Y', 'Y', '5', '3', 'Y', NULL);
INSERT INTO "DSV_ASSRT"."DSV_STG_PROD_DTL" ("PROD_SCN_CD", "VEND_ID", "VEND_SKU_ID", "VEND_PROD_CD", "MFG_NM", "BRND_NM", "PROD_DES", "CUST_PROD_DES", "BUYR_URL_TXT", "IMG_URL_TXT", "XTRNL_IMG_SW", "SELL_UNT_SZ", "UOM_TXT", "PK_QTY", "NEW_PK_QTY", "CNTRY_OF_ORIG_TXT", "VEND_CAT_1_TXT", "VEND_CAT_2_TXT", "VEND_CAT_3_TXT", "VEND_CAT_4_TXT", "VEND_CAT_5_TXT", "VEND_CAT_6_TXT", "VEND_CAT_7_TXT", "VEND_CLS_DES", "VEND_DEPT_DES", "HT_AMT", "WD_AMT", "DPTH_AMT", "WT_AMT", "BULK_ITM_SW", "HZRDS_MATRL_SW", "SHP_LEAD_DD_CNT", "LRGE_BX_SZ", "SHP_OUTSD_BX_SW", "CNTRY_ORIG_ID") VALUES ('16291442409', '12765', 'DLRDY200106', NULL, 'Playtex', 'MORTON & BASSET', 'TONES CHIVES CHOPPED', NULL, 'http://www.unbeatablesale.com/dlrdy200100.html', 'http://site.unbeatablesale.com/img397/dlrdy200100.gif', 'Y', '8', 'OZ', '3', '7', 'USA', 'CAT1', NULL, NULL, NULL, NULL, NULL, NULL, 'SPICES SEASONING GRAVY COATING', 'NATURAL GROCERY', '1.70', '0.98', '2.06', '0.98', 'Y', 'Y', '5', '3', 'Y', NULL);
INSERT INTO "DSV_ASSRT"."DSV_STG_PROD_DTL" ("PROD_SCN_CD", "VEND_ID", "VEND_SKU_ID", "VEND_PROD_CD", "MFG_NM", "BRND_NM", "PROD_DES", "CUST_PROD_DES", "BUYR_URL_TXT", "IMG_URL_TXT", "XTRNL_IMG_SW", "SELL_UNT_SZ", "UOM_TXT", "PK_QTY", "NEW_PK_QTY", "CNTRY_OF_ORIG_TXT", "VEND_CAT_1_TXT", "VEND_CAT_2_TXT", "VEND_CAT_3_TXT", "VEND_CAT_4_TXT", "VEND_CAT_5_TXT", "VEND_CAT_6_TXT", "VEND_CAT_7_TXT", "VEND_CLS_DES", "VEND_DEPT_DES", "HT_AMT", "WD_AMT", "DPTH_AMT", "WT_AMT", "BULK_ITM_SW", "HZRDS_MATRL_SW", "SHP_LEAD_DD_CNT", "LRGE_BX_SZ", "SHP_OUTSD_BX_SW", "CNTRY_ORIG_ID") VALUES ('16291442410', '12765', 'DLRDY200106', NULL, 'Playtex', 'MORTON & BASSET', 'TONES CHIVES CHOPPED', NULL, 'http://www.unbeatablesale.com/dlrdy200100.html', 'http://site.unbeatablesale.com/img397/dlrdy200100.gif', 'Y', '8', 'OZ', '3', '7', 'USA', 'CAT1', NULL, NULL, NULL, NULL, NULL, NULL, 'SPICES SEASONING GRAVY COATING', 'NATURAL GROCERY', '1.70', '0.98', '2.06', '0.98', 'Y', 'Y', '5', '3', 'Y', NULL);

-- ----------------------------
-- Table structure for DSV_STG_RETL_CST_DTL
-- ----------------------------
-- DROP TABLE "DSV_ASSRT"."DSV_STG_RETL_CST_DTL";
CREATE TABLE "DSV_ASSRT"."DSV_STG_RETL_CST_DTL" (
"PROD_SCN_CD" NUMBER(38) NOT NULL ,
"VEND_ID" NUMBER(38) NOT NULL ,
"MSRP_AMT" NUMBER(11,4) NULL ,
"SRP_AMT" NUMBER(11,4) NULL ,
"MAP_AMT" NUMBER(11,4) NULL ,
"MAP_SW" CHAR(1) NULL ,
"PRE_PRC_AMT" NUMBER(11,4) NULL ,
"HEB_CST_AMT" NUMBER(11,4) NULL ,
"SHP_CST_AMT" NUMBER(11,4) NULL ,
"NEW_HEB_CST_AMT" NUMBER(11,4) NULL ,
"QTY_IN_STCK_CNT" NUMBER NULL ,
"LEAD_DD_CNT" NUMBER NULL ,
"HEB_CST_APPLC_DT" DATE NULL 
)
;

-- ----------------------------
-- Records of DSV_STG_RETL_CST_DTL
-- ----------------------------
INSERT INTO "DSV_ASSRT"."DSV_STG_RETL_CST_DTL" ("PROD_SCN_CD", "VEND_ID", "MSRP_AMT", "SRP_AMT", "MAP_AMT", "MAP_SW", "PRE_PRC_AMT", "HEB_CST_AMT", "SHP_CST_AMT", "NEW_HEB_CST_AMT", "QTY_IN_STCK_CNT", "LEAD_DD_CNT", "HEB_CST_APPLC_DT") VALUES ('16291442400', '12765', '31.59', '31.59', '30.59', 'N', '24.30', '20.66', '4.0120', '22.06', '0', '0', '2015-01-25');
INSERT INTO "DSV_ASSRT"."DSV_STG_RETL_CST_DTL" ("PROD_SCN_CD", "VEND_ID", "MSRP_AMT", "SRP_AMT", "MAP_AMT", "MAP_SW", "PRE_PRC_AMT", "HEB_CST_AMT", "SHP_CST_AMT", "NEW_HEB_CST_AMT", "QTY_IN_STCK_CNT", "LEAD_DD_CNT", "HEB_CST_APPLC_DT") VALUES ('16291442401', '12765', '31.59', '31.59', '30.59', 'N', '24.30', '20.66', '4.0120', '23.06', '0', '0', '2015-01-26');
INSERT INTO "DSV_ASSRT"."DSV_STG_RETL_CST_DTL" ("PROD_SCN_CD", "VEND_ID", "MSRP_AMT", "SRP_AMT", "MAP_AMT", "MAP_SW", "PRE_PRC_AMT", "HEB_CST_AMT", "SHP_CST_AMT", "NEW_HEB_CST_AMT", "QTY_IN_STCK_CNT", "LEAD_DD_CNT", "HEB_CST_APPLC_DT") VALUES ('16291442402', '12765', '31.59', '31.59', '30.59', 'N', '24.30', '20.66', '4.0120', '24.06', '0', '0', '2015-01-27');
INSERT INTO "DSV_ASSRT"."DSV_STG_RETL_CST_DTL" ("PROD_SCN_CD", "VEND_ID", "MSRP_AMT", "SRP_AMT", "MAP_AMT", "MAP_SW", "PRE_PRC_AMT", "HEB_CST_AMT", "SHP_CST_AMT", "NEW_HEB_CST_AMT", "QTY_IN_STCK_CNT", "LEAD_DD_CNT", "HEB_CST_APPLC_DT") VALUES ('16291442403', '12765', '31.59', '31.59', '30.59', 'N', '24.30', '20.66', '4.0120', '25.06', '0', '0', '2015-01-28');
INSERT INTO "DSV_ASSRT"."DSV_STG_RETL_CST_DTL" ("PROD_SCN_CD", "VEND_ID", "MSRP_AMT", "SRP_AMT", "MAP_AMT", "MAP_SW", "PRE_PRC_AMT", "HEB_CST_AMT", "SHP_CST_AMT", "NEW_HEB_CST_AMT", "QTY_IN_STCK_CNT", "LEAD_DD_CNT", "HEB_CST_APPLC_DT") VALUES ('16291442404', '12765', '31.59', '31.59', '30.59', 'N', '24.30', '20.66', '4.0120', '26.06', '0', '0', '2015-01-29');
INSERT INTO "DSV_ASSRT"."DSV_STG_RETL_CST_DTL" ("PROD_SCN_CD", "VEND_ID", "MSRP_AMT", "SRP_AMT", "MAP_AMT", "MAP_SW", "PRE_PRC_AMT", "HEB_CST_AMT", "SHP_CST_AMT", "NEW_HEB_CST_AMT", "QTY_IN_STCK_CNT", "LEAD_DD_CNT", "HEB_CST_APPLC_DT") VALUES ('16291442406', '12765', '31.59', '31.59', '30.59', 'N', '24.30', '20.66', '4.0120', '26.06', '0', '0', '2015-01-29');
INSERT INTO "DSV_ASSRT"."DSV_STG_RETL_CST_DTL" ("PROD_SCN_CD", "VEND_ID", "MSRP_AMT", "SRP_AMT", "MAP_AMT", "MAP_SW", "PRE_PRC_AMT", "HEB_CST_AMT", "SHP_CST_AMT", "NEW_HEB_CST_AMT", "QTY_IN_STCK_CNT", "LEAD_DD_CNT", "HEB_CST_APPLC_DT") VALUES ('16291442407', '12765', '31.59', '31.59', '30.59', 'N', '24.30', '20.66', '4.0120', '26.06', '0', '0', '2015-01-29');
INSERT INTO "DSV_ASSRT"."DSV_STG_RETL_CST_DTL" ("PROD_SCN_CD", "VEND_ID", "MSRP_AMT", "SRP_AMT", "MAP_AMT", "MAP_SW", "PRE_PRC_AMT", "HEB_CST_AMT", "SHP_CST_AMT", "NEW_HEB_CST_AMT", "QTY_IN_STCK_CNT", "LEAD_DD_CNT", "HEB_CST_APPLC_DT") VALUES ('16291442408', '12765', '31.59', '31.59', '30.59', 'N', '24.30', '20.66', '4.0120', '26.06', '0', '0', '2015-01-29');
INSERT INTO "DSV_ASSRT"."DSV_STG_RETL_CST_DTL" ("PROD_SCN_CD", "VEND_ID", "MSRP_AMT", "SRP_AMT", "MAP_AMT", "MAP_SW", "PRE_PRC_AMT", "HEB_CST_AMT", "SHP_CST_AMT", "NEW_HEB_CST_AMT", "QTY_IN_STCK_CNT", "LEAD_DD_CNT", "HEB_CST_APPLC_DT") VALUES ('16291442409', '12765', '31.59', '31.59', '30.59', 'N', '24.30', '20.66', '4.0120', '26.06', '0', '0', '2015-01-29');
INSERT INTO "DSV_ASSRT"."DSV_STG_RETL_CST_DTL" ("PROD_SCN_CD", "VEND_ID", "MSRP_AMT", "SRP_AMT", "MAP_AMT", "MAP_SW", "PRE_PRC_AMT", "HEB_CST_AMT", "SHP_CST_AMT", "NEW_HEB_CST_AMT", "QTY_IN_STCK_CNT", "LEAD_DD_CNT", "HEB_CST_APPLC_DT") VALUES ('16291442410', '12765', '31.59', '31.59', '30.59', 'N', '24.30', '20.66', '4.0120', '26.06', '0', '0', '2015-01-29');
-- ----------------------------
-- Table structure for DSV_VEND
-- ----------------------------
-- DROP TABLE "DSV_ASSRT"."DSV_VEND";
CREATE TABLE "DSV_ASSRT"."DSV_VEND" (
"VEND_ID" NUMBER(38) NOT NULL ,
"VEND_NM" VARCHAR2(255) NULL 
)




;

-- ----------------------------
-- Records of DSV_VEND
-- ----------------------------
INSERT INTO "DSV_ASSRT"."DSV_VEND" VALUES ('12765', 'Kehe');
INSERT INTO "DSV_ASSRT"."DSV_VEND" VALUES ('98743', 'UPS');
INSERT INTO "DSV_ASSRT"."DSV_VEND" VALUES ('999999', 'TEMP');

-- ----------------------------
-- Table structure for DTA_LD_STAT
-- ----------------------------
-- DROP TABLE "DSV_ASSRT"."DTA_LD_STAT";
CREATE TABLE "DSV_ASSRT"."DTA_LD_STAT" (
"STG_FILE_TYP_CD" CHAR(5) NOT NULL ,
"LD_TS" TIMESTAMP(6)  NOT NULL ,
"STG_LD_STAT_CD" CHAR(5) NULL 
)




;

-- ----------------------------
-- Records of DTA_LD_STAT
-- ----------------------------

-- ----------------------------
-- Table structure for ENTY
-- ----------------------------
-- DROP TABLE "DSV_ASSRT"."ENTY";
CREATE TABLE "DSV_ASSRT"."ENTY" (
"ENTY_ID" NUMBER(38) NOT NULL ,
"ENTY_TYP_CD" CHAR(5) NULL ,
"ENTY_ABB" CHAR(6) NULL ,
"ENTY_DSPLY_NBR" NUMBER NULL ,
"CRE8_UID" CHAR(20) NOT NULL ,
"CRE8_TS" TIMESTAMP(6)  NOT NULL ,
"LST_UPDT_UID" VARCHAR2(20) NOT NULL ,
"LST_UPDT_TS" TIMESTAMP(6)  NOT NULL 
)
;

-- ----------------------------
-- Records of ENTY
-- ----------------------------
INSERT INTO "DSV_ASSRT"."ENTY" ("ENTY_ID", "ENTY_TYP_CD", "ENTY_ABB", "ENTY_DSPLY_NBR", "CRE8_UID", "CRE8_TS", "LST_UPDT_UID", "LST_UPDT_TS") VALUES ('0', 'CAT  ', NULL, '0', 'vn44178             ', {ts '2015-03-16 10:51:02.606000'}, 'vn44178', {ts '2015-03-16 10:51:02.606000'});
INSERT INTO "DSV_ASSRT"."ENTY" ("ENTY_ID", "ENTY_TYP_CD", "ENTY_ABB", "ENTY_DSPLY_NBR", "CRE8_UID", "CRE8_TS", "LST_UPDT_UID", "LST_UPDT_TS") VALUES ('1', 'CAT  ', NULL, '0', 'vn44178             ', {ts '2015-03-16 10:51:02.616000'}, 'vn44178', {ts '2015-03-16 10:51:02.616000'});
INSERT INTO "DSV_ASSRT"."ENTY" ("ENTY_ID", "ENTY_TYP_CD", "ENTY_ABB", "ENTY_DSPLY_NBR", "CRE8_UID", "CRE8_TS", "LST_UPDT_UID", "LST_UPDT_TS") VALUES ('2', 'CAT  ', NULL, '0', 'vn44178             ', {ts '2015-03-16 10:51:02.621000'}, 'vn44178', {ts '2015-03-16 10:51:02.621000'});
INSERT INTO "DSV_ASSRT"."ENTY" ("ENTY_ID", "ENTY_TYP_CD", "ENTY_ABB", "ENTY_DSPLY_NBR", "CRE8_UID", "CRE8_TS", "LST_UPDT_UID", "LST_UPDT_TS") VALUES ('3', 'SUB  ', NULL, '16', 'vn44178             ', {ts '2015-03-16 10:51:02.626000'}, 'vn44178', {ts '2015-03-16 10:51:02.626000'});
INSERT INTO "DSV_ASSRT"."ENTY" ("ENTY_ID", "ENTY_TYP_CD", "ENTY_ABB", "ENTY_DSPLY_NBR", "CRE8_UID", "CRE8_TS", "LST_UPDT_UID", "LST_UPDT_TS") VALUES ('4', 'SUB  ', NULL, '17', 'vn44178             ', {ts '2015-03-16 10:51:02.656000'}, 'vn44178', {ts '2015-03-16 10:51:02.656000'});

-- ----------------------------
-- Table structure for ENTY_DES
-- ----------------------------
-- DROP TABLE "DSV_ASSRT"."ENTY_DES";
CREATE TABLE "DSV_ASSRT"."ENTY_DES" (
"ENTY_ID" NUMBER(38) NOT NULL ,
"HIER_CNTXT_CD" CHAR(5) NOT NULL ,
"ENTY_SHRT_DES" VARCHAR2(50) NOT NULL ,
"ENTY_LONG_DES" VARCHAR2(255) NULL ,
"CRE8_UID" CHAR(20) NOT NULL ,
"CRE8_TS" TIMESTAMP(6)  NOT NULL ,
"LST_UPDT_UID" VARCHAR2(20) NOT NULL ,
"LST_UPDT_TS" TIMESTAMP(6)  NOT NULL 
)




;

-- ----------------------------
-- Records of ENTY_DES
-- ----------------------------
INSERT INTO "DSV_ASSRT"."ENTY_DES" ("ENTY_ID", "HIER_CNTXT_CD", "ENTY_SHRT_DES", "ENTY_LONG_DES", "CRE8_UID", "CRE8_TS", "LST_UPDT_UID", "LST_UPDT_TS") VALUES ('1', 'KEHE ', 'CAT1', 'CAT1', 'vn44178             ', {ts '2015-03-16 10:51:02.644000'}, 'vn44178', {ts '2015-03-16 10:51:02.644000'});
INSERT INTO "DSV_ASSRT"."ENTY_DES" ("ENTY_ID", "HIER_CNTXT_CD", "ENTY_SHRT_DES", "ENTY_LONG_DES", "CRE8_UID", "CRE8_TS", "LST_UPDT_UID", "LST_UPDT_TS") VALUES ('2', 'KEHE ', 'CAT2', 'CAT2', 'vn44178             ', {ts '2015-03-16 10:51:02.648000'}, 'vn44178', {ts '2015-03-16 10:51:02.648000'});
INSERT INTO "DSV_ASSRT"."ENTY_DES" ("ENTY_ID", "HIER_CNTXT_CD", "ENTY_SHRT_DES", "ENTY_LONG_DES", "CRE8_UID", "CRE8_TS", "LST_UPDT_UID", "LST_UPDT_TS") VALUES ('3', 'HEB-K', 'ASIAN-BAKING', 'ASIAN-BAKING', 'vn44178             ', {ts '2015-03-16 10:51:02.650000'}, 'vn44178', {ts '2015-03-16 10:51:02.650000'});
INSERT INTO "DSV_ASSRT"."ENTY_DES" ("ENTY_ID", "HIER_CNTXT_CD", "ENTY_SHRT_DES", "ENTY_LONG_DES", "CRE8_UID", "CRE8_TS", "LST_UPDT_UID", "LST_UPDT_TS") VALUES ('4', 'HEB-K', 'ASIAN-BEV', 'ASIAN-BEV', 'vn44178             ', {ts '2015-03-16 10:51:02.664000'}, 'vn44178', {ts '2015-03-16 10:51:02.664000'});

-- ----------------------------
-- Table structure for ENTY_RLSHP
-- ----------------------------
-- DROP TABLE "DSV_ASSRT"."ENTY_RLSHP";
CREATE TABLE "DSV_ASSRT"."ENTY_RLSHP" (
"PARNT_ENTY_ID" NUMBER(38) NOT NULL ,
"CHILD_ENTY_ID" NUMBER(38) NOT NULL ,
"HIER_CNTXT_CD" CHAR(5) NOT NULL ,
"DFLT_PARNT_SW" CHAR(1) NULL ,
"DSPLY_SW" CHAR(1) NULL ,
"SEQ_NBR" NUMBER NULL ,
"CRE8_UID" CHAR(20) NOT NULL ,
"CRE8_TS" TIMESTAMP(6)  NOT NULL ,
"LST_UPDT_UID" VARCHAR2(20) NOT NULL ,
"LST_UPDT_TS" TIMESTAMP(6)  NOT NULL ,
"EFF_DT" DATE NULL ,
"EXPRN_DT" DATE NOT NULL 
)
;

-- ----------------------------
-- Records of ENTY_RLSHP
-- ----------------------------
INSERT INTO "DSV_ASSRT"."ENTY_RLSHP" ("PARNT_ENTY_ID", "CHILD_ENTY_ID", "HIER_CNTXT_CD", "DFLT_PARNT_SW", "DSPLY_SW", "SEQ_NBR", "CRE8_UID", "CRE8_TS", "LST_UPDT_UID", "LST_UPDT_TS", "EFF_DT", "EXPRN_DT") VALUES ('0', '1', 'KEHE ', 'Y', 'Y', '1', 'vn44178             ', {ts '2015-03-16 10:51:02.630000'}, 'vn44178', {ts '2015-03-16 10:51:02.630000'}, '2015-03-16', '2015-03-16');
INSERT INTO "DSV_ASSRT"."ENTY_RLSHP" ("PARNT_ENTY_ID", "CHILD_ENTY_ID", "HIER_CNTXT_CD", "DFLT_PARNT_SW", "DSPLY_SW", "SEQ_NBR", "CRE8_UID", "CRE8_TS", "LST_UPDT_UID", "LST_UPDT_TS", "EFF_DT", "EXPRN_DT") VALUES ('1', '2', 'KEHE ', 'Y', 'Y', '1', 'vn44178             ', {ts '2015-03-16 10:51:02.634000'}, 'vn44178', {ts '2015-03-16 10:51:02.634000'}, '2015-03-16', '2015-03-16');
INSERT INTO "DSV_ASSRT"."ENTY_RLSHP" ("PARNT_ENTY_ID", "CHILD_ENTY_ID", "HIER_CNTXT_CD", "DFLT_PARNT_SW", "DSPLY_SW", "SEQ_NBR", "CRE8_UID", "CRE8_TS", "LST_UPDT_UID", "LST_UPDT_TS", "EFF_DT", "EXPRN_DT") VALUES ('2', '3', 'HEB-K', 'Y', 'Y', '1', 'vn44178             ', {ts '2015-03-16 10:51:02.638000'}, 'vn44178', {ts '2015-03-16 10:51:02.638000'}, '2015-03-16', '2015-03-16');
INSERT INTO "DSV_ASSRT"."ENTY_RLSHP" ("PARNT_ENTY_ID", "CHILD_ENTY_ID", "HIER_CNTXT_CD", "DFLT_PARNT_SW", "DSPLY_SW", "SEQ_NBR", "CRE8_UID", "CRE8_TS", "LST_UPDT_UID", "LST_UPDT_TS", "EFF_DT", "EXPRN_DT") VALUES ('1', '4', 'HEB-K', 'Y', 'Y', '1', 'vn44178             ', {ts '2015-03-16 10:51:02.661000'}, 'vn44178', {ts '2015-03-16 10:51:02.661000'}, '2015-03-16', '2015-03-16');

-- ----------------------------
-- Table structure for ENTY_TYP
-- ----------------------------
-- DROP TABLE "DSV_ASSRT"."ENTY_TYP";
CREATE TABLE "DSV_ASSRT"."ENTY_TYP" (
"ENTY_TYP_CD" CHAR(5) NOT NULL ,
"ENTY_TYP_ABB" CHAR(6) NOT NULL ,
"ENTY_TYP_DES" VARCHAR2(50) NOT NULL ,
"CRE8_UID" CHAR(20) NOT NULL ,
"CRE8_TS" TIMESTAMP(6)  NOT NULL ,
"LST_UPDT_UID" VARCHAR2(20) NOT NULL ,
"LST_UPDT_TS" TIMESTAMP(6)  NOT NULL 
)
;

-- ----------------------------
-- Records of ENTY_TYP
-- ----------------------------
INSERT INTO "DSV_ASSRT"."ENTY_TYP" VALUES ('SUB  ', 'SUB   ', 'SUB-COMMODITY', 'vn75430             ', {ts '0001-01-01 00:00:00.598000'}, 'vn75430             ', {ts '0001-01-01 00:00:00.598000'});
INSERT INTO "DSV_ASSRT"."ENTY_TYP" VALUES ('CAT  ', 'CAT   ', 'CATEGORY', 'vn75430             ', {ts '0001-01-01 00:00:00.598000'}, 'vn75430             ', {ts '0001-01-01 00:00:00.598000'});

-- ----------------------------
-- Table structure for ERR_TYP
-- ----------------------------
-- DROP TABLE "DSV_ASSRT"."ERR_TYP";
CREATE TABLE "DSV_ASSRT"."ERR_TYP" (
"ERR_TYP_CD" CHAR(5) NOT NULL ,
"ERR_TYP_DES" VARCHAR2(255) NULL ,
"CRE8_UID" CHAR(20) NOT NULL ,
"CRE8_TS" TIMESTAMP(6)  NOT NULL ,
"LST_UPDT_UID" VARCHAR2(20) NOT NULL ,
"LST_UPDT_TS" TIMESTAMP(6)  NOT NULL 
)
;

-- ----------------------------
-- Records of ERR_TYP
-- ----------------------------
INSERT INTO "DSV_ASSRT"."ERR_TYP" ("ERR_TYP_CD", "ERR_TYP_DES", "CRE8_UID", "CRE8_TS", "LST_UPDT_UID", "LST_UPDT_TS") VALUES ('R    ', 'REJECTED', '1                   ', {ts '2015-01-07 11:14:26.000000'}, '1', {ts '2015-01-07 11:14:29.000000'});
INSERT INTO "DSV_ASSRT"."ERR_TYP" ("ERR_TYP_CD", "ERR_TYP_DES", "CRE8_UID", "CRE8_TS", "LST_UPDT_UID", "LST_UPDT_TS") VALUES ('SCNA ', 'SUB COM NOT ACTIVE', '1                   ', {ts '2015-01-07 11:14:26.000000'}, '1', {ts '2015-01-07 11:14:29.000000'});
INSERT INTO "DSV_ASSRT"."ERR_TYP" ("ERR_TYP_CD", "ERR_TYP_DES", "CRE8_UID", "CRE8_TS", "LST_UPDT_UID", "LST_UPDT_TS") VALUES ('NMHH ', 'NOT MAP WITH HEB HIERARCHY', '1                   ', {ts '2015-01-07 11:14:26.000000'}, '1', {ts '2015-01-07 11:14:29.000000'});
INSERT INTO "DSV_ASSRT"."ERR_TYP" ("ERR_TYP_CD", "ERR_TYP_DES", "CRE8_UID", "CRE8_TS", "LST_UPDT_UID", "LST_UPDT_TS") VALUES ('EIV  ', 'EXISTED IN OTHER VENDOR', '1                   ', {ts '2015-01-07 11:14:26.000000'}, '1', {ts '2015-01-07 11:14:29.000000'});
INSERT INTO "DSV_ASSRT"."ERR_TYP" ("ERR_TYP_CD", "ERR_TYP_DES", "CRE8_UID", "CRE8_TS", "LST_UPDT_UID", "LST_UPDT_TS") VALUES ('EIH  ', 'EXISTED IN HEB', '1                   ', {ts '2015-01-07 11:14:26.000000'}, '1', {ts '2015-01-07 11:14:29.000000'});
INSERT INTO "DSV_ASSRT"."ERR_TYP" ("ERR_TYP_CD", "ERR_TYP_DES", "CRE8_UID", "CRE8_TS", "LST_UPDT_UID", "LST_UPDT_TS") VALUES ('VF   ', 'VALID FAILED', '1                   ', {ts '2015-01-07 11:14:26.000000'}, '1', {ts '2015-01-07 11:14:29.000000'});
INSERT INTO "DSV_ASSRT"."ERR_TYP" ("ERR_TYP_CD", "ERR_TYP_DES", "CRE8_UID", "CRE8_TS", "LST_UPDT_UID", "LST_UPDT_TS") VALUES ('A    ', 'ASSORTMENT', '1                   ', {ts '2015-03-05 16:56:06.000000'}, '1', {ts '2015-03-05 16:56:09.000000'});
INSERT INTO "DSV_ASSRT"."ERR_TYP" ("ERR_TYP_CD", "ERR_TYP_DES", "CRE8_UID", "CRE8_TS", "LST_UPDT_UID", "LST_UPDT_TS") VALUES ('P    ', 'PRICING', '1                   ', {ts '2015-03-05 16:56:29.000000'}, '1', {ts '2015-03-05 16:56:32.000000'});
-- ----------------------------
-- Table structure for FUTR_RETL_CST
-- ----------------------------
-- DROP TABLE "DSV_ASSRT"."FUTR_RETL_CST";
CREATE TABLE "DSV_ASSRT"."FUTR_RETL_CST" (
"PROD_SCN_CD" NUMBER(38) NOT NULL ,
"VEND_ID" NUMBER(38) NOT NULL ,
"EFF_TS" TIMESTAMP(6)  NOT NULL ,
"HEB_CST_AMT" NUMBER(11,4) NULL ,
"HEB_RETL_AMT" NUMBER(11,4) NULL ,
"HEB_USR_RETL_AMT" NUMBER(11,4) NULL ,
"REV_STAT_CD" CHAR(5) NULL ,
"CRE8_UID" CHAR(20) NOT NULL ,
"CRE8_TS" TIMESTAMP(6)  NOT NULL ,
"LST_UPDT_UID" VARCHAR2(20) NULL ,
"LST_UPDT_TS" TIMESTAMP(6)  NULL 
)




;

-- ----------------------------
-- Records of FUTR_RETL_CST
-- ----------------------------

-- ----------------------------
-- Table structure for HIER_CNTXT
-- ----------------------------
-- DROP TABLE "DSV_ASSRT"."HIER_CNTXT";
CREATE TABLE "DSV_ASSRT"."HIER_CNTXT" (
"HIER_CNTXT_CD" CHAR(5) NOT NULL ,
"HIER_CNTXT_DES" VARCHAR2(255) NULL ,
"CRE8_UID" CHAR(20) NOT NULL ,
"CRE8_TS" TIMESTAMP(6)  NOT NULL ,
"LST_UPDT_UID" VARCHAR2(20) NOT NULL ,
"LST_UPDT_TS" TIMESTAMP(6)  NOT NULL 
)
;

-- ----------------------------
-- Records of HIER_CNTXT
-- ----------------------------
INSERT INTO "DSV_ASSRT"."HIER_CNTXT" VALUES ('HEB-K', 'HEB to Kehe Hierarchy', 'vn75430             ', {ts '2015-02-23 17:22:55.598000'}, 'vn75430', {ts '2015-02-23 17:23:01.598000'});
INSERT INTO "DSV_ASSRT"."HIER_CNTXT" VALUES ('KEHE ', 'Kehe Hierarchy', 'vn75430             ', {ts '2015-02-23 17:23:15.598000'}, 'vn75430', {ts '2015-02-23 17:23:20.598000'});
INSERT INTO "DSV_ASSRT"."HIER_CNTXT" VALUES ('UBS  ', 'UBS Hierarchy', 'vn75430             ', {ts '2015-02-23 17:23:34.598000'}, 'vn75430', {ts '2015-02-23 17:23:39.598000'});
INSERT INTO "DSV_ASSRT"."HIER_CNTXT" VALUES ('HEB-U', 'HEB to UBS Hierarchy', 'vn75430             ', {ts '2015-02-23 17:23:53.598000'}, 'vn75430', {ts '2015-02-23 17:23:55.598000'});

-- ----------------------------
-- Table structure for LOGIC_STAT
-- ----------------------------
-- DROP TABLE "DSV_ASSRT"."LOGIC_STAT";
CREATE TABLE "DSV_ASSRT"."LOGIC_STAT" (
"LOGIC_STAT_CD" CHAR(5) NOT NULL ,
"LOGIC_STAT_DES" VARCHAR2(255) NULL ,
"CRE8_UID" CHAR(20) NOT NULL ,
"CRE8_TS" TIMESTAMP(6)  NOT NULL ,
"LST_UPDT_UID" VARCHAR2(20) NOT NULL ,
"LST_UPDT_TS" TIMESTAMP(6)  NOT NULL 
)
;

-- ----------------------------
-- Records of LOGIC_STAT
-- ----------------------------
INSERT INTO "DSV_ASSRT"."LOGIC_STAT" VALUES ('N    ', 'NEW', '1                   ', {ts '2015-01-06 11:00:54.598000'}, '1', {ts '2015-01-14 11:00:47.598000'});
INSERT INTO "DSV_ASSRT"."LOGIC_STAT" VALUES ('D    ', 'DELETED/DISCONTINUED', '1                   ', {ts '2015-01-06 11:00:54.598000'}, '1', {ts '2015-01-14 11:00:47.598000'});
INSERT INTO "DSV_ASSRT"."LOGIC_STAT" VALUES ('C    ', 'COST CHANGE', '1                   ', {ts '2015-01-06 11:00:54.598000'}, '1', {ts '2015-01-14 11:00:47.598000'});
INSERT INTO "DSV_ASSRT"."LOGIC_STAT" VALUES ('U    ', 'ATTRIBUTE CHANGE', '1                   ', {ts '2015-01-06 11:00:54.598000'}, '1', {ts '2015-01-14 11:00:47.598000'});
INSERT INTO "DSV_ASSRT"."LOGIC_STAT" VALUES ('NC   ', 'NO CHANGE', '1                   ', {ts '2015-01-06 11:00:54.598000'}, '1', {ts '2015-01-14 11:00:47.598000'});
INSERT INTO "DSV_ASSRT"."LOGIC_STAT" VALUES ('P    ', 'PACK CHANGE', '1                   ', {ts '2015-02-17 11:23:31.598000'}, '1', {ts '2015-02-17 11:23:34.598000'});
INSERT INTO "DSV_ASSRT"."LOGIC_STAT" ("LOGIC_STAT_CD", "LOGIC_STAT_DES", "CRE8_UID", "CRE8_TS", "LST_UPDT_UID", "LST_UPDT_TS") VALUES ('FC   ', 'FUTURE COST', 'vn44178             ', {ts '2015-03-16 17:51:33.000000'}, 'vn44178', {ts '2015-03-16 17:51:36.000000'});

-- ----------------------------
-- Table structure for LVL
-- ----------------------------
-- DROP TABLE "DSV_ASSRT"."LVL";
CREATE TABLE "DSV_ASSRT"."LVL" (
"LVL_ID" NUMBER(38) NOT NULL ,
"LVL_TYP_CD" CHAR(5) NULL ,
"VEND_ID" NUMBER(38) NULL ,
"HEB_COM_ID" NUMBER(38) NULL ,
"HEB_SUB_COM_ID" NUMBER(38) NULL ,
"CRE8_UID" CHAR(20) NOT NULL ,
"CRE8_TS" TIMESTAMP(6)  NOT NULL ,
"LST_UPDT_UID" VARCHAR2(20) NULL ,
"LST_UPDT_TS" TIMESTAMP(6)  NULL ,
"STR_DEPT_NBR" CHAR(5) NOT NULL ,
"STR_SUB_DEPT_ID" CHAR(5) NOT NULL ,
"ITM_CLS" NUMBER(3) NOT NULL 
)
;

-- ----------------------------
-- Records of LVL
-- ----------------------------
INSERT INTO "DSV_ASSRT"."LVL" ("LVL_ID", "LVL_TYP_CD", "VEND_ID", "HEB_COM_ID", "HEB_SUB_COM_ID", "CRE8_UID", "CRE8_TS", "LST_UPDT_UID", "LST_UPDT_TS", "STR_DEPT_NBR", "STR_SUB_DEPT_ID", "ITM_CLS") VALUES ('68', 'ACTV ', '12765', NULL, '17', 'vn44178             ', {ts '2015-03-16 10:51:49.143000'}, 'vn44178', {ts '2015-03-16 10:51:49.143000'}, '07   ', 'A    ', '1');
INSERT INTO "DSV_ASSRT"."LVL" ("LVL_ID", "LVL_TYP_CD", "VEND_ID", "HEB_COM_ID", "HEB_SUB_COM_ID", "CRE8_UID", "CRE8_TS", "LST_UPDT_UID", "LST_UPDT_TS", "STR_DEPT_NBR", "STR_SUB_DEPT_ID", "ITM_CLS") VALUES ('64', NULL, '12765', NULL, '16', 'vn44178             ', {ts '2015-03-13 16:47:36.097000'}, 'vn44178', {ts '2015-03-13 16:47:36.097000'}, '07   ', 'A    ', '1');
INSERT INTO "DSV_ASSRT"."LVL" ("LVL_ID", "LVL_TYP_CD", "VEND_ID", "HEB_COM_ID", "HEB_SUB_COM_ID", "CRE8_UID", "CRE8_TS", "LST_UPDT_UID", "LST_UPDT_TS", "STR_DEPT_NBR", "STR_SUB_DEPT_ID", "ITM_CLS") VALUES ('67', 'ACTV ', '12765', NULL, '16', 'vn44178             ', {ts '2015-03-16 10:51:49.143000'}, 'vn44178', {ts '2015-03-16 10:51:49.143000'}, '07   ', 'A    ', '1');
INSERT INTO "DSV_ASSRT"."LVL" ("LVL_ID", "LVL_TYP_CD", "VEND_ID", "HEB_COM_ID", "HEB_SUB_COM_ID", "CRE8_UID", "CRE8_TS", "LST_UPDT_UID", "LST_UPDT_TS", "STR_DEPT_NBR", "STR_SUB_DEPT_ID", "ITM_CLS") VALUES ('69', NULL, '12765', NULL, '17', 'vn44178             ', {ts '2015-03-16 10:51:49.161000'}, 'vn44178', {ts '2015-03-16 10:51:49.161000'}, '07   ', 'A    ', '1');

INSERT INTO "DSV_ASSRT"."LVL" ("LVL_ID", "LVL_TYP_CD", "VEND_ID", "HEB_COM_ID", "HEB_SUB_COM_ID", "CRE8_UID", "CRE8_TS", "LST_UPDT_UID", "LST_UPDT_TS", "STR_DEPT_NBR", "STR_SUB_DEPT_ID", "ITM_CLS") VALUES ('9', 'FOLOW', NULL, '3', NULL, 'vn44178             ', {ts '2015-03-18 09:41:44.136000'}, 'vn44178', {ts '2015-03-18 09:41:44.136000'}, '07   ', 'A    ', '1');
INSERT INTO "DSV_ASSRT"."LVL" ("LVL_ID", "LVL_TYP_CD", "VEND_ID", "HEB_COM_ID", "HEB_SUB_COM_ID", "CRE8_UID", "CRE8_TS", "LST_UPDT_UID", "LST_UPDT_TS", "STR_DEPT_NBR", "STR_SUB_DEPT_ID", "ITM_CLS") VALUES ('13', 'LEAD ', NULL, '4', '9977', 'vn44178             ', {ts '2015-03-18 10:22:38.252000'}, 'vn44178', {ts '2015-03-18 10:22:38.252000'}, '07   ', 'A    ', '1');
INSERT INTO "DSV_ASSRT"."LVL" ("LVL_ID", "LVL_TYP_CD", "VEND_ID", "HEB_COM_ID", "HEB_SUB_COM_ID", "CRE8_UID", "CRE8_TS", "LST_UPDT_UID", "LST_UPDT_TS", "STR_DEPT_NBR", "STR_SUB_DEPT_ID", "ITM_CLS") VALUES ('14', 'LEAD ', NULL, '6', '127', 'vn44178             ', {ts '2015-03-18 10:44:56.659000'}, 'vn44178', {ts '2015-03-18 10:44:56.659000'}, '07   ', 'A    ', '1');
INSERT INTO "DSV_ASSRT"."LVL" ("LVL_ID", "LVL_TYP_CD", "VEND_ID", "HEB_COM_ID", "HEB_SUB_COM_ID", "CRE8_UID", "CRE8_TS", "LST_UPDT_UID", "LST_UPDT_TS", "STR_DEPT_NBR", "STR_SUB_DEPT_ID", "ITM_CLS") VALUES ('17', 'LEAD ', NULL, '4', NULL, 'vn44178             ', {ts '2015-03-18 14:06:01.148000'}, 'vn44178', {ts '2015-03-18 14:06:01.148000'}, '07   ', 'A    ', '1');
INSERT INTO "DSV_ASSRT"."LVL" ("LVL_ID", "LVL_TYP_CD", "VEND_ID", "HEB_COM_ID", "HEB_SUB_COM_ID", "CRE8_UID", "CRE8_TS", "LST_UPDT_UID", "LST_UPDT_TS", "STR_DEPT_NBR", "STR_SUB_DEPT_ID", "ITM_CLS") VALUES ('19', 'FOLOW', NULL, '5', '123', 'vn44178             ', {ts '2015-03-18 15:07:29.633000'}, 'vn44178', {ts '2015-03-18 15:07:29.633000'}, '07   ', 'A    ', '1');
INSERT INTO "DSV_ASSRT"."LVL" ("LVL_ID", "LVL_TYP_CD", "VEND_ID", "HEB_COM_ID", "HEB_SUB_COM_ID", "CRE8_UID", "CRE8_TS", "LST_UPDT_UID", "LST_UPDT_TS", "STR_DEPT_NBR", "STR_SUB_DEPT_ID", "ITM_CLS") VALUES ('35', 'LEAD ', '12765', '2', NULL, 'vn44178             ', {ts '2015-03-18 17:23:13.042000'}, 'vn44178', {ts '2015-03-18 17:23:13.042000'}, '07   ', 'A    ', '1');
INSERT INTO "DSV_ASSRT"."LVL" ("LVL_ID", "LVL_TYP_CD", "VEND_ID", "HEB_COM_ID", "HEB_SUB_COM_ID", "CRE8_UID", "CRE8_TS", "LST_UPDT_UID", "LST_UPDT_TS", "STR_DEPT_NBR", "STR_SUB_DEPT_ID", "ITM_CLS") VALUES ('36', 'LEAD ', NULL, '2', NULL, 'vn44178             ', {ts '2015-03-18 17:25:57.688000'}, 'vn44178', {ts '2015-03-18 17:25:57.688000'}, '07   ', 'A    ', '1');
INSERT INTO "DSV_ASSRT"."LVL" ("LVL_ID", "LVL_TYP_CD", "VEND_ID", "HEB_COM_ID", "HEB_SUB_COM_ID", "CRE8_UID", "CRE8_TS", "LST_UPDT_UID", "LST_UPDT_TS", "STR_DEPT_NBR", "STR_SUB_DEPT_ID", "ITM_CLS") VALUES ('41', 'LEAD ', '12765', NULL, NULL, 'vn44178             ', {ts '2015-03-19 09:18:09.680000'}, 'vn44178', {ts '2015-03-19 09:18:09.680000'}, '     ', '     ', '0');
INSERT INTO "DSV_ASSRT"."LVL" ("LVL_ID", "LVL_TYP_CD", "VEND_ID", "HEB_COM_ID", "HEB_SUB_COM_ID", "CRE8_UID", "CRE8_TS", "LST_UPDT_UID", "LST_UPDT_TS", "STR_DEPT_NBR", "STR_SUB_DEPT_ID", "ITM_CLS") VALUES ('43', 'LEAD ', NULL, '3', '37', 'vn44178             ', {ts '2015-03-19 09:29:30.419000'}, 'vn44178', {ts '2015-03-19 09:29:30.419000'}, '07   ', 'A    ', '1');
INSERT INTO "DSV_ASSRT"."LVL" ("LVL_ID", "LVL_TYP_CD", "VEND_ID", "HEB_COM_ID", "HEB_SUB_COM_ID", "CRE8_UID", "CRE8_TS", "LST_UPDT_UID", "LST_UPDT_TS", "STR_DEPT_NBR", "STR_SUB_DEPT_ID", "ITM_CLS") VALUES ('51', 'FOLOW', NULL, '1', NULL, 'vn44178             ', {ts '2015-03-19 11:14:39.280000'}, 'vn44178', {ts '2015-03-19 11:14:39.280000'}, '04   ', 'B    ', '79');
INSERT INTO "DSV_ASSRT"."LVL" ("LVL_ID", "LVL_TYP_CD", "VEND_ID", "HEB_COM_ID", "HEB_SUB_COM_ID", "CRE8_UID", "CRE8_TS", "LST_UPDT_UID", "LST_UPDT_TS", "STR_DEPT_NBR", "STR_SUB_DEPT_ID", "ITM_CLS") VALUES ('52', 'FOLOW', NULL, '1', '1', 'vn44178             ', {ts '2015-03-19 11:14:52.845000'}, 'vn44178', {ts '2015-03-19 11:14:52.845000'}, '04   ', 'B    ', '79');


-- ----------------------------
-- Table structure for LVL_TYP
-- ----------------------------
-- DROP TABLE "DSV_ASSRT"."LVL_TYP";
CREATE TABLE "DSV_ASSRT"."LVL_TYP" (
"LVL_TYP_CD" CHAR(5) NOT NULL ,
"LVL_TYP_DES" VARCHAR2(255) NULL 
)




;

-- ----------------------------
-- Records of LVL_TYP
-- ----------------------------
INSERT INTO "DSV_ASSRT"."LVL_TYP" VALUES ('LEAD ', 'LEAD STRATEGY');
INSERT INTO "DSV_ASSRT"."LVL_TYP" VALUES ('FOLOW', 'Follow Strategy');
INSERT INTO "DSV_ASSRT"."LVL_TYP" VALUES ('ACTV ', 'Y');

-- ----------------------------
-- Table structure for PROC_STAT
-- ----------------------------
-- DROP TABLE "DSV_ASSRT"."PROC_STAT";
CREATE TABLE "DSV_ASSRT"."PROC_STAT" (
"PROC_STAT_CD" CHAR(1) NOT NULL ,
"PROC_STAT_DES" VARCHAR2(255) NULL ,
"CRE8_UID" CHAR(20) NOT NULL ,
"CRE8_TS" TIMESTAMP(6)  NOT NULL ,
"LST_UPDT_UID" VARCHAR2(20) NOT NULL ,
"LST_UPDT_TS" TIMESTAMP(6)  NOT NULL 
)




;

-- ----------------------------
-- Records of PROC_STAT
-- ----------------------------
INSERT INTO "DSV_ASSRT"."PROC_STAT" VALUES ('R', 'READY', '1                   ', {ts '2015-02-23 16:25:25.598000'}, '1', {ts '2015-02-23 16:25:30.598000'});
INSERT INTO "DSV_ASSRT"."PROC_STAT" VALUES ('C', 'COMPELTED', '1                   ', {ts '2015-02-23 16:25:27.598000'}, '1', {ts '2015-02-23 16:25:33.598000'});

-- ----------------------------
-- Table structure for PROD_RULE_STAT
-- ----------------------------
-- DROP TABLE "DSV_ASSRT"."PROD_RULE_STAT";
CREATE TABLE "DSV_ASSRT"."PROD_RULE_STAT" (
"PROD_SCN_CD" NUMBER(38) NOT NULL ,
"VEND_ID" NUMBER(38) NOT NULL ,
"THM_ID" NUMBER(38) NOT NULL ,
"RULE_ID" NUMBER(38) NOT NULL ,
"ERR_TYP_CD" CHAR(5) NULL ,
"ERR_TS" TIMESTAMP(6)  NOT NULL 
)




;

-- ----------------------------
-- Records of PROD_RULE_STAT
-- ----------------------------

-- ----------------------------
-- Table structure for RETL_CST
-- ----------------------------
-- DROP TABLE "DSV_ASSRT"."RETL_CST";
CREATE TABLE "DSV_ASSRT"."RETL_CST" (
"PROD_SCN_CD" NUMBER(38) NOT NULL ,
"VEND_ID" NUMBER(38) NOT NULL ,
"MSRP_AMT" NUMBER(11,4) NOT NULL ,
"SRP_AMT" NUMBER(11,4) NOT NULL ,
"MAP_AMT" NUMBER(11,4) NOT NULL ,
"MAP_SW" CHAR(1) NOT NULL ,
"PRE_PRC_AMT" NUMBER(11,4) NOT NULL ,
"HEB_CST_AMT" NUMBER(11,4) NOT NULL ,
"SHP_CST_AMT" NUMBER(11,4) NOT NULL ,
"QTY_IN_STCK_CNT" NUMBER NULL ,
"LEAD_DD_CNT" NUMBER NULL ,
"HEB_CST_APPLC_DT" DATE NULL ,
"CRE8_UID" CHAR(20) NOT NULL ,
"CRE8_TS" TIMESTAMP(6)  NOT NULL ,
"LST_UPDT_UID" VARCHAR2(20) NULL ,
"LST_UPDT_TS" TIMESTAMP(6)  NULL 
)
;

-- ----------------------------
-- Records of RETL_CST
-- ----------------------------
INSERT INTO "DSV_ASSRT"."RETL_CST" ("PROD_SCN_CD", "VEND_ID", "MSRP_AMT", "SRP_AMT", "MAP_AMT", "MAP_SW", "PRE_PRC_AMT", "HEB_CST_AMT", "SHP_CST_AMT", "QTY_IN_STCK_CNT", "LEAD_DD_CNT", "HEB_CST_APPLC_DT", "CRE8_UID", "CRE8_TS", "LST_UPDT_UID", "LST_UPDT_TS") VALUES ('16291442407', '12765', '31.59', '31.59', '30.59', 'N', '24.30', '20.66', '4.0120', '0', '0', '2015-01-29', 'SYSTEM              ', {ts '2015-03-10 11:43:13.445413'}, 'SYSTEM', {ts '2015-03-10 11:43:13.445413'});
INSERT INTO "DSV_ASSRT"."RETL_CST" ("PROD_SCN_CD", "VEND_ID", "MSRP_AMT", "SRP_AMT", "MAP_AMT", "MAP_SW", "PRE_PRC_AMT", "HEB_CST_AMT", "SHP_CST_AMT", "QTY_IN_STCK_CNT", "LEAD_DD_CNT", "HEB_CST_APPLC_DT", "CRE8_UID", "CRE8_TS", "LST_UPDT_UID", "LST_UPDT_TS") VALUES ('16291442408', '12765', '31.59', '31.59', '30.59', 'N', '24.30', '20.66', '4.0120', '0', '0', '2015-01-29', 'SYSTEM              ', {ts '2015-03-10 11:43:13.445413'}, 'SYSTEM', {ts '2015-03-10 11:43:13.445413'});
INSERT INTO "DSV_ASSRT"."RETL_CST" ("PROD_SCN_CD", "VEND_ID", "MSRP_AMT", "SRP_AMT", "MAP_AMT", "MAP_SW", "PRE_PRC_AMT", "HEB_CST_AMT", "SHP_CST_AMT", "QTY_IN_STCK_CNT", "LEAD_DD_CNT", "HEB_CST_APPLC_DT", "CRE8_UID", "CRE8_TS", "LST_UPDT_UID", "LST_UPDT_TS") VALUES ('16291442409', '12765', '31.59', '31.59', '30.59', 'N', '24.30', '20.66', '4.0120', '0', '0', '2015-01-29', 'SYSTEM              ', {ts '2015-03-10 11:43:13.445413'}, 'SYSTEM', {ts '2015-03-10 11:43:13.445413'});

-- ----------------------------
-- Table structure for REV_STAT
-- ----------------------------
-- DROP TABLE "DSV_ASSRT"."REV_STAT";
CREATE TABLE "DSV_ASSRT"."REV_STAT" (
"REV_STAT_CD" CHAR(5) NOT NULL ,
"REV_STAT_DES" VARCHAR2(255) NULL 
)

;

-- ----------------------------
-- Records of REV_STAT
-- ----------------------------
INSERT INTO "DSV_ASSRT"."REV_STAT" ("REV_STAT_CD", "REV_STAT_DES") VALUES ('RJECT', 'REJECTED');
INSERT INTO "DSV_ASSRT"."REV_STAT" ("REV_STAT_CD", "REV_STAT_DES") VALUES ('APPRV', 'APPROVED');

-- ----------------------------
-- Table structure for RULE
-- ----------------------------
-- DROP TABLE "DSV_ASSRT"."RULE";
CREATE TABLE "DSV_ASSRT"."RULE" (
"RULE_ID" NUMBER(38) NOT NULL ,
"RULE_NM" VARCHAR2(100) NOT NULL ,
"RULE_DES" VARCHAR2(255) NULL ,
"CRE8_UID" CHAR(20) NOT NULL ,
"CRE8_TS" TIMESTAMP(6)  NOT NULL ,
"LST_UPDT_TS" TIMESTAMP(6)  NULL ,
"LST_UPDT_UID" VARCHAR2(20) NULL 
)




;

-- ----------------------------
-- Records of RULE
-- ----------------------------
INSERT INTO "DSV_ASSRT"."RULE" VALUES ('1', 'Map Product Only', 'Map Product Only', 'vn44178             ', {ts '2015-02-23 12:28:38.598000'}, null, null);
INSERT INTO "DSV_ASSRT"."RULE" VALUES ('2', 'Allow Products with Retail Between', 'Allow Products with Retail Between', 'vn44178             ', {ts '2015-02-23 12:29:19.598000'}, null, null);
INSERT INTO "DSV_ASSRT"."RULE" VALUES ('3', 'Allow Products with Margin Between', 'Allow Products with Margin Between', 'vn44178             ', {ts '2015-02-23 12:29:45.598000'}, null, null);
INSERT INTO "DSV_ASSRT"."RULE" VALUES ('4', 'Allow Product with Image Only', 'Allow Product with Image Only', 'vn44178             ', {ts '2015-02-23 12:30:03.598000'}, null, null);
INSERT INTO "DSV_ASSRT"."RULE" VALUES ('5', 'Allow Product with Desc Only', 'Allow Product with Desc Only', 'vn44178             ', {ts '2015-02-23 12:30:19.598000'}, null, null);
INSERT INTO "DSV_ASSRT"."RULE" VALUES ('6', 'Allow Product with Romance Copy Only', 'Allow Product with Romance Copy Only', 'vn44178             ', {ts '2015-02-23 12:30:39.598000'}, null, null);
INSERT INTO "DSV_ASSRT"."RULE" VALUES ('7', 'Allow Product with Brand Only', 'Allow Product with Brand Only', 'vn44178             ', {ts '2015-02-23 12:30:56.598000'}, null, null);
INSERT INTO "DSV_ASSRT"."RULE" VALUES ('8', 'Allow Product with Size Only', 'Allow Product with Size Only', 'vn44178             ', {ts '2015-02-23 12:31:24.598000'}, null, null);
INSERT INTO "DSV_ASSRT"."RULE" VALUES ('9', 'Allow Product with Cost Only', 'Allow Product with Cost Only', 'vn44178             ', {ts '2015-02-23 12:31:42.598000'}, null, null);
INSERT INTO "DSV_ASSRT"."RULE" ("RULE_ID", "RULE_NM", "RULE_DES", "CRE8_UID", "CRE8_TS", "LST_UPDT_TS", "LST_UPDT_UID") VALUES ('10', 'Only allow products ranked in top X% of the Vendor Sales (if Vendor Sales data is received)', 'Only allow products ranked in top X% of the Vendor Sales (if Vendor Sales data is received)', 'vn44178             ', {ts '2015-02-23 12:31:42.000000'}, NULL, NULL);
INSERT INTO "DSV_ASSRT"."RULE" ("RULE_ID", "RULE_NM", "RULE_DES", "CRE8_UID", "CRE8_TS", "LST_UPDT_TS", "LST_UPDT_UID") VALUES ('11', 'MAP/SRP pricing Index', 'MAP/SRP pricing Index', 'vn75430             ', {ts '2015-03-12 18:50:47.000000'}, NULL, NULL);
INSERT INTO "DSV_ASSRT"."RULE" ("RULE_ID", "RULE_NM", "RULE_DES", "CRE8_UID", "CRE8_TS", "LST_UPDT_TS", "LST_UPDT_UID") VALUES ('12', 'Target GP', 'Target GP', 'vn75430             ', {ts '2015-03-12 18:51:08.000000'}, NULL, NULL);
INSERT INTO "DSV_ASSRT"."RULE" ("RULE_ID", "RULE_NM", "RULE_DES", "CRE8_UID", "CRE8_TS", "LST_UPDT_TS", "LST_UPDT_UID") VALUES ('13', 'Competitor Index', 'Competitor Index', 'vn75430             ', {ts '2015-03-12 18:52:00.000000'}, NULL, NULL);
INSERT INTO "DSV_ASSRT"."RULE" ("RULE_ID", "RULE_NM", "RULE_DES", "CRE8_UID", "CRE8_TS", "LST_UPDT_TS", "LST_UPDT_UID") VALUES ('14', 'Recommended price should end with', 'Recommended price should end with', 'vn75430             ', {ts '2015-03-12 18:53:27.000000'}, NULL, NULL);
INSERT INTO "DSV_ASSRT"."RULE" ("RULE_ID", "RULE_NM", "RULE_DES", "CRE8_UID", "CRE8_TS", "LST_UPDT_TS", "LST_UPDT_UID") VALUES ('15', 'Ignore price change if change is less than', 'Ignore price change if change is less than', 'vn75430             ', {ts '2015-03-12 18:53:52.000000'}, NULL, NULL);
INSERT INTO "DSV_ASSRT"."RULE" ("RULE_ID", "RULE_NM", "RULE_DES", "CRE8_UID", "CRE8_TS", "LST_UPDT_TS", "LST_UPDT_UID") VALUES ('16', 'Flag price change for review if change is greater than', 'Flag price change for review if change is greater than', 'vn75430             ', {ts '2015-03-12 18:54:10.000000'}, NULL, NULL);
INSERT INTO "DSV_ASSRT"."RULE" ("RULE_ID", "RULE_NM", "RULE_DES", "CRE8_UID", "CRE8_TS", "LST_UPDT_TS", "LST_UPDT_UID") VALUES ('17', 'Flag price change for review if the new margin is not between', 'Flag price change for review if the new margin is not between', 'vn75430             ', {ts '2015-03-12 18:54:28.000000'}, NULL, NULL);

-- ----------------------------
-- Table structure for RULE_CAT
-- ----------------------------
-- DROP TABLE "DSV_ASSRT"."RULE_CAT";
CREATE TABLE "DSV_ASSRT"."RULE_CAT" (
"RULE_CAT_ID" NUMBER(38) NOT NULL ,
"RULE_CAT_DES" VARCHAR2(255) NULL ,
"RULE_CAT_TBL_NM" VARCHAR2(255) NULL ,
"RULE_CAT_COL_NM" VARCHAR2(255) NULL ,
"LVL_ID" NUMBER(38) NULL 
)




;

-- ----------------------------
-- Records of RULE_CAT
-- ----------------------------
INSERT INTO "DSV_ASSRT"."RULE_CAT" VALUES ('1', 'Global Rule', null, null, null);
INSERT INTO "DSV_ASSRT"."RULE_CAT" VALUES ('2', 'Vendor Rule', null, null, null);

-- ----------------------------
-- Table structure for RULE_DEFNS
-- ----------------------------
-- DROP TABLE "DSV_ASSRT"."RULE_DEFNS";
CREATE TABLE "DSV_ASSRT"."RULE_DEFNS" (
"RULE_ID" NUMBER(38) NOT NULL ,
"SEQ_NBR" NUMBER NOT NULL ,
"LVL_ID" NUMBER(38) NOT NULL ,
"LOGIC_OPRTR_ID" NUMBER(38) NOT NULL ,
"RULE_CAT_1_ID" NUMBER(38) NOT NULL ,
"MATH_OPRTR_ID" NUMBER(38) NOT NULL ,
"RULE_CAT_2_ID" NUMBER(38) NULL ,
"VAL" FLOAT(126) NOT NULL ,
"VAL_TYP_CD" CHAR(5) NULL ,
"PCT_SW" CHAR(1) NOT NULL ,
"RULE_CAT_3_ID" NUMBER(38) NULL ,
"ACTV_SW" CHAR(1) NOT NULL ,
"ACT_TYP_CD" CHAR(5) NULL ,
"CRE8_UID" CHAR(20) NOT NULL ,
"CRE8_TS" TIMESTAMP(6)  NOT NULL ,
"LST_UPDT_TS" TIMESTAMP(6)  NULL ,
"LST_UPDT_UID" VARCHAR2(20) NULL 
)
;

-- ----------------------------
-- Records of RULE_DEFNS
-- ----------------------------
INSERT INTO "DSV_ASSRT"."RULE_DEFNS" ("RULE_ID", "SEQ_NBR", "LVL_ID", "LOGIC_OPRTR_ID", "RULE_CAT_1_ID", "MATH_OPRTR_ID", "RULE_CAT_2_ID", "VAL", "VAL_TYP_CD", "PCT_SW", "RULE_CAT_3_ID", "ACTV_SW", "ACT_TYP_CD", "CRE8_UID", "CRE8_TS", "LST_UPDT_TS", "LST_UPDT_UID") VALUES ('1', '1', '64', '1', '1', '5', '2', '0', '1    ', 'N', NULL, 'N', NULL, 'vn44178             ', {ts '2015-03-13 16:47:36.116000'}, {ts '2015-03-16 10:51:56.971000'}, 'vn44178');
INSERT INTO "DSV_ASSRT"."RULE_DEFNS" ("RULE_ID", "SEQ_NBR", "LVL_ID", "LOGIC_OPRTR_ID", "RULE_CAT_1_ID", "MATH_OPRTR_ID", "RULE_CAT_2_ID", "VAL", "VAL_TYP_CD", "PCT_SW", "RULE_CAT_3_ID", "ACTV_SW", "ACT_TYP_CD", "CRE8_UID", "CRE8_TS", "LST_UPDT_TS", "LST_UPDT_UID") VALUES ('10', '1', '64', '1', '1', '5', '2', '0', '2    ', 'N', NULL, 'N', NULL, 'vn44178             ', {ts '2015-03-13 16:47:36.117000'}, {ts '2015-03-16 10:51:56.971000'}, 'vn44178');
INSERT INTO "DSV_ASSRT"."RULE_DEFNS" ("RULE_ID", "SEQ_NBR", "LVL_ID", "LOGIC_OPRTR_ID", "RULE_CAT_1_ID", "MATH_OPRTR_ID", "RULE_CAT_2_ID", "VAL", "VAL_TYP_CD", "PCT_SW", "RULE_CAT_3_ID", "ACTV_SW", "ACT_TYP_CD", "CRE8_UID", "CRE8_TS", "LST_UPDT_TS", "LST_UPDT_UID") VALUES ('9', '1', '64', '1', '1', '5', '2', '0', '1    ', 'N', NULL, 'N', NULL, 'vn44178             ', {ts '2015-03-13 16:47:36.117000'}, {ts '2015-03-16 10:51:56.971000'}, 'vn44178');
INSERT INTO "DSV_ASSRT"."RULE_DEFNS" ("RULE_ID", "SEQ_NBR", "LVL_ID", "LOGIC_OPRTR_ID", "RULE_CAT_1_ID", "MATH_OPRTR_ID", "RULE_CAT_2_ID", "VAL", "VAL_TYP_CD", "PCT_SW", "RULE_CAT_3_ID", "ACTV_SW", "ACT_TYP_CD", "CRE8_UID", "CRE8_TS", "LST_UPDT_TS", "LST_UPDT_UID") VALUES ('8', '1', '64', '1', '1', '5', '2', '0', '1    ', 'N', NULL, 'N', NULL, 'vn44178             ', {ts '2015-03-13 16:47:36.117000'}, {ts '2015-03-16 10:51:56.971000'}, 'vn44178');
INSERT INTO "DSV_ASSRT"."RULE_DEFNS" ("RULE_ID", "SEQ_NBR", "LVL_ID", "LOGIC_OPRTR_ID", "RULE_CAT_1_ID", "MATH_OPRTR_ID", "RULE_CAT_2_ID", "VAL", "VAL_TYP_CD", "PCT_SW", "RULE_CAT_3_ID", "ACTV_SW", "ACT_TYP_CD", "CRE8_UID", "CRE8_TS", "LST_UPDT_TS", "LST_UPDT_UID") VALUES ('7', '1', '64', '1', '1', '5', '2', '0', '1    ', 'N', NULL, 'N', NULL, 'vn44178             ', {ts '2015-03-13 16:47:36.117000'}, {ts '2015-03-16 10:51:56.971000'}, 'vn44178');
INSERT INTO "DSV_ASSRT"."RULE_DEFNS" ("RULE_ID", "SEQ_NBR", "LVL_ID", "LOGIC_OPRTR_ID", "RULE_CAT_1_ID", "MATH_OPRTR_ID", "RULE_CAT_2_ID", "VAL", "VAL_TYP_CD", "PCT_SW", "RULE_CAT_3_ID", "ACTV_SW", "ACT_TYP_CD", "CRE8_UID", "CRE8_TS", "LST_UPDT_TS", "LST_UPDT_UID") VALUES ('6', '1', '64', '1', '1', '5', '2', '1', '1    ', 'N', NULL, 'Y', NULL, 'vn44178             ', {ts '2015-03-13 16:47:36.117000'}, {ts '2015-03-16 10:51:56.971000'}, 'vn44178');
INSERT INTO "DSV_ASSRT"."RULE_DEFNS" ("RULE_ID", "SEQ_NBR", "LVL_ID", "LOGIC_OPRTR_ID", "RULE_CAT_1_ID", "MATH_OPRTR_ID", "RULE_CAT_2_ID", "VAL", "VAL_TYP_CD", "PCT_SW", "RULE_CAT_3_ID", "ACTV_SW", "ACT_TYP_CD", "CRE8_UID", "CRE8_TS", "LST_UPDT_TS", "LST_UPDT_UID") VALUES ('5', '1', '64', '1', '1', '5', '2', '0', '1    ', 'N', NULL, 'N', NULL, 'vn44178             ', {ts '2015-03-13 16:47:36.117000'}, {ts '2015-03-16 10:51:56.971000'}, 'vn44178');
INSERT INTO "DSV_ASSRT"."RULE_DEFNS" ("RULE_ID", "SEQ_NBR", "LVL_ID", "LOGIC_OPRTR_ID", "RULE_CAT_1_ID", "MATH_OPRTR_ID", "RULE_CAT_2_ID", "VAL", "VAL_TYP_CD", "PCT_SW", "RULE_CAT_3_ID", "ACTV_SW", "ACT_TYP_CD", "CRE8_UID", "CRE8_TS", "LST_UPDT_TS", "LST_UPDT_UID") VALUES ('4', '1', '64', '1', '1', '5', '2', '0', '1    ', 'N', NULL, 'N', NULL, 'vn44178             ', {ts '2015-03-13 16:47:36.117000'}, {ts '2015-03-16 10:51:56.971000'}, 'vn44178');
INSERT INTO "DSV_ASSRT"."RULE_DEFNS" ("RULE_ID", "SEQ_NBR", "LVL_ID", "LOGIC_OPRTR_ID", "RULE_CAT_1_ID", "MATH_OPRTR_ID", "RULE_CAT_2_ID", "VAL", "VAL_TYP_CD", "PCT_SW", "RULE_CAT_3_ID", "ACTV_SW", "ACT_TYP_CD", "CRE8_UID", "CRE8_TS", "LST_UPDT_TS", "LST_UPDT_UID") VALUES ('3', '1', '64', '1', '1', '1', '2', '0', '2    ', 'Y', NULL, 'N', 'Start', 'vn44178             ', {ts '2015-03-13 16:47:36.117000'}, {ts '2015-03-16 10:51:56.971000'}, 'vn44178');
INSERT INTO "DSV_ASSRT"."RULE_DEFNS" ("RULE_ID", "SEQ_NBR", "LVL_ID", "LOGIC_OPRTR_ID", "RULE_CAT_1_ID", "MATH_OPRTR_ID", "RULE_CAT_2_ID", "VAL", "VAL_TYP_CD", "PCT_SW", "RULE_CAT_3_ID", "ACTV_SW", "ACT_TYP_CD", "CRE8_UID", "CRE8_TS", "LST_UPDT_TS", "LST_UPDT_UID") VALUES ('2', '2', '64', '1', '1', '2', '2', '0', '2    ', 'N', NULL, 'N', 'End  ', 'vn44178             ', {ts '2015-03-13 16:47:36.116000'}, {ts '2015-03-16 10:51:56.971000'}, 'vn44178');
INSERT INTO "DSV_ASSRT"."RULE_DEFNS" ("RULE_ID", "SEQ_NBR", "LVL_ID", "LOGIC_OPRTR_ID", "RULE_CAT_1_ID", "MATH_OPRTR_ID", "RULE_CAT_2_ID", "VAL", "VAL_TYP_CD", "PCT_SW", "RULE_CAT_3_ID", "ACTV_SW", "ACT_TYP_CD", "CRE8_UID", "CRE8_TS", "LST_UPDT_TS", "LST_UPDT_UID") VALUES ('2', '1', '64', '1', '1', '1', '2', '0', '2    ', 'N', NULL, 'N', 'Start', 'vn44178             ', {ts '2015-03-13 16:47:36.116000'}, {ts '2015-03-16 10:51:56.971000'}, 'vn44178');
INSERT INTO "DSV_ASSRT"."RULE_DEFNS" ("RULE_ID", "SEQ_NBR", "LVL_ID", "LOGIC_OPRTR_ID", "RULE_CAT_1_ID", "MATH_OPRTR_ID", "RULE_CAT_2_ID", "VAL", "VAL_TYP_CD", "PCT_SW", "RULE_CAT_3_ID", "ACTV_SW", "ACT_TYP_CD", "CRE8_UID", "CRE8_TS", "LST_UPDT_TS", "LST_UPDT_UID") VALUES ('3', '2', '64', '1', '1', '2', '2', '0', '2    ', 'Y', NULL, 'N', 'End  ', 'vn44178             ', {ts '2015-03-13 16:47:36.116000'}, {ts '2015-03-16 10:51:56.971000'}, 'vn44178');

INSERT INTO "DSV_ASSRT"."RULE_DEFNS" ("RULE_ID", "SEQ_NBR", "LVL_ID", "LOGIC_OPRTR_ID", "RULE_CAT_1_ID", "MATH_OPRTR_ID", "RULE_CAT_2_ID", "VAL", "VAL_TYP_CD", "PCT_SW", "RULE_CAT_3_ID", "ACTV_SW", "ACT_TYP_CD", "CRE8_UID", "CRE8_TS", "LST_UPDT_TS", "LST_UPDT_UID") VALUES ('1', '1', '69', '1', '1', '5', '2', '0', '1    ', 'N', NULL, 'N', NULL, 'vn44178             ', {ts '2015-03-16 10:51:49.174000'}, {ts '2015-03-16 10:51:49.174000'}, 'vn44178');
INSERT INTO "DSV_ASSRT"."RULE_DEFNS" ("RULE_ID", "SEQ_NBR", "LVL_ID", "LOGIC_OPRTR_ID", "RULE_CAT_1_ID", "MATH_OPRTR_ID", "RULE_CAT_2_ID", "VAL", "VAL_TYP_CD", "PCT_SW", "RULE_CAT_3_ID", "ACTV_SW", "ACT_TYP_CD", "CRE8_UID", "CRE8_TS", "LST_UPDT_TS", "LST_UPDT_UID") VALUES ('2', '2', '69', '1', '1', '2', '2', '0', '2    ', 'N', NULL, 'N', 'End  ', 'vn44178             ', {ts '2015-03-16 10:51:49.174000'}, {ts '2015-03-16 10:51:49.174000'}, 'vn44178');
INSERT INTO "DSV_ASSRT"."RULE_DEFNS" ("RULE_ID", "SEQ_NBR", "LVL_ID", "LOGIC_OPRTR_ID", "RULE_CAT_1_ID", "MATH_OPRTR_ID", "RULE_CAT_2_ID", "VAL", "VAL_TYP_CD", "PCT_SW", "RULE_CAT_3_ID", "ACTV_SW", "ACT_TYP_CD", "CRE8_UID", "CRE8_TS", "LST_UPDT_TS", "LST_UPDT_UID") VALUES ('2', '1', '69', '1', '1', '1', '2', '0', '2    ', 'N', NULL, 'N', 'Start', 'vn44178             ', {ts '2015-03-16 10:51:49.174000'}, {ts '2015-03-16 10:51:49.174000'}, 'vn44178');
INSERT INTO "DSV_ASSRT"."RULE_DEFNS" ("RULE_ID", "SEQ_NBR", "LVL_ID", "LOGIC_OPRTR_ID", "RULE_CAT_1_ID", "MATH_OPRTR_ID", "RULE_CAT_2_ID", "VAL", "VAL_TYP_CD", "PCT_SW", "RULE_CAT_3_ID", "ACTV_SW", "ACT_TYP_CD", "CRE8_UID", "CRE8_TS", "LST_UPDT_TS", "LST_UPDT_UID") VALUES ('3', '2', '69', '1', '1', '2', '2', '0', '2    ', 'Y', NULL, 'N', 'End  ', 'vn44178             ', {ts '2015-03-16 10:51:49.174000'}, {ts '2015-03-16 10:51:49.174000'}, 'vn44178');
INSERT INTO "DSV_ASSRT"."RULE_DEFNS" ("RULE_ID", "SEQ_NBR", "LVL_ID", "LOGIC_OPRTR_ID", "RULE_CAT_1_ID", "MATH_OPRTR_ID", "RULE_CAT_2_ID", "VAL", "VAL_TYP_CD", "PCT_SW", "RULE_CAT_3_ID", "ACTV_SW", "ACT_TYP_CD", "CRE8_UID", "CRE8_TS", "LST_UPDT_TS", "LST_UPDT_UID") VALUES ('3', '1', '69', '1', '1', '1', '2', '0', '2    ', 'Y', NULL, 'N', 'Start', 'vn44178             ', {ts '2015-03-16 10:51:49.174000'}, {ts '2015-03-16 10:51:49.174000'}, 'vn44178');
INSERT INTO "DSV_ASSRT"."RULE_DEFNS" ("RULE_ID", "SEQ_NBR", "LVL_ID", "LOGIC_OPRTR_ID", "RULE_CAT_1_ID", "MATH_OPRTR_ID", "RULE_CAT_2_ID", "VAL", "VAL_TYP_CD", "PCT_SW", "RULE_CAT_3_ID", "ACTV_SW", "ACT_TYP_CD", "CRE8_UID", "CRE8_TS", "LST_UPDT_TS", "LST_UPDT_UID") VALUES ('4', '1', '69', '1', '1', '5', '2', '0', '1    ', 'N', NULL, 'N', NULL, 'vn44178             ', {ts '2015-03-16 10:51:49.174000'}, {ts '2015-03-16 10:51:49.174000'}, 'vn44178');
INSERT INTO "DSV_ASSRT"."RULE_DEFNS" ("RULE_ID", "SEQ_NBR", "LVL_ID", "LOGIC_OPRTR_ID", "RULE_CAT_1_ID", "MATH_OPRTR_ID", "RULE_CAT_2_ID", "VAL", "VAL_TYP_CD", "PCT_SW", "RULE_CAT_3_ID", "ACTV_SW", "ACT_TYP_CD", "CRE8_UID", "CRE8_TS", "LST_UPDT_TS", "LST_UPDT_UID") VALUES ('5', '1', '69', '1', '1', '5', '2', '1', '1    ', 'N', NULL, 'Y', NULL, 'vn44178             ', {ts '2015-03-16 10:51:49.174000'}, {ts '2015-03-16 10:51:49.174000'}, 'vn44178');
INSERT INTO "DSV_ASSRT"."RULE_DEFNS" ("RULE_ID", "SEQ_NBR", "LVL_ID", "LOGIC_OPRTR_ID", "RULE_CAT_1_ID", "MATH_OPRTR_ID", "RULE_CAT_2_ID", "VAL", "VAL_TYP_CD", "PCT_SW", "RULE_CAT_3_ID", "ACTV_SW", "ACT_TYP_CD", "CRE8_UID", "CRE8_TS", "LST_UPDT_TS", "LST_UPDT_UID") VALUES ('6', '1', '69', '1', '1', '5', '2', '0', '1    ', 'N', NULL, 'N', NULL, 'vn44178             ', {ts '2015-03-16 10:51:49.174000'}, {ts '2015-03-16 10:51:49.174000'}, 'vn44178');
INSERT INTO "DSV_ASSRT"."RULE_DEFNS" ("RULE_ID", "SEQ_NBR", "LVL_ID", "LOGIC_OPRTR_ID", "RULE_CAT_1_ID", "MATH_OPRTR_ID", "RULE_CAT_2_ID", "VAL", "VAL_TYP_CD", "PCT_SW", "RULE_CAT_3_ID", "ACTV_SW", "ACT_TYP_CD", "CRE8_UID", "CRE8_TS", "LST_UPDT_TS", "LST_UPDT_UID") VALUES ('7', '1', '69', '1', '1', '5', '2', '0', '1    ', 'N', NULL, 'N', NULL, 'vn44178             ', {ts '2015-03-16 10:51:49.175000'}, {ts '2015-03-16 10:51:49.175000'}, 'vn44178');
INSERT INTO "DSV_ASSRT"."RULE_DEFNS" ("RULE_ID", "SEQ_NBR", "LVL_ID", "LOGIC_OPRTR_ID", "RULE_CAT_1_ID", "MATH_OPRTR_ID", "RULE_CAT_2_ID", "VAL", "VAL_TYP_CD", "PCT_SW", "RULE_CAT_3_ID", "ACTV_SW", "ACT_TYP_CD", "CRE8_UID", "CRE8_TS", "LST_UPDT_TS", "LST_UPDT_UID") VALUES ('8', '1', '69', '1', '1', '5', '2', '0', '1    ', 'N', NULL, 'N', NULL, 'vn44178             ', {ts '2015-03-16 10:51:49.175000'}, {ts '2015-03-16 10:51:49.175000'}, 'vn44178');
INSERT INTO "DSV_ASSRT"."RULE_DEFNS" ("RULE_ID", "SEQ_NBR", "LVL_ID", "LOGIC_OPRTR_ID", "RULE_CAT_1_ID", "MATH_OPRTR_ID", "RULE_CAT_2_ID", "VAL", "VAL_TYP_CD", "PCT_SW", "RULE_CAT_3_ID", "ACTV_SW", "ACT_TYP_CD", "CRE8_UID", "CRE8_TS", "LST_UPDT_TS", "LST_UPDT_UID") VALUES ('9', '1', '69', '1', '1', '5', '2', '0', '1    ', 'N', NULL, 'N', NULL, 'vn44178             ', {ts '2015-03-16 10:51:49.175000'}, {ts '2015-03-16 10:51:49.175000'}, 'vn44178');
INSERT INTO "DSV_ASSRT"."RULE_DEFNS" ("RULE_ID", "SEQ_NBR", "LVL_ID", "LOGIC_OPRTR_ID", "RULE_CAT_1_ID", "MATH_OPRTR_ID", "RULE_CAT_2_ID", "VAL", "VAL_TYP_CD", "PCT_SW", "RULE_CAT_3_ID", "ACTV_SW", "ACT_TYP_CD", "CRE8_UID", "CRE8_TS", "LST_UPDT_TS", "LST_UPDT_UID") VALUES ('10', '1', '69', '1', '1', '5', '2', '0', '2    ', 'Y', NULL, 'N', NULL, 'vn44178             ', {ts '2015-03-16 10:51:49.175000'}, {ts '2015-03-16 10:51:49.175000'}, 'vn44178');


INSERT INTO "DSV_ASSRT"."RULE_DEFNS" ("RULE_ID", "SEQ_NBR", "LVL_ID", "LOGIC_OPRTR_ID", "RULE_CAT_1_ID", "MATH_OPRTR_ID", "RULE_CAT_2_ID", "VAL", "VAL_TYP_CD", "PCT_SW", "RULE_CAT_3_ID", "ACTV_SW", "ACT_TYP_CD", "CRE8_UID", "CRE8_TS", "LST_UPDT_TS", "LST_UPDT_UID") VALUES ('17', '1', '14', '1', '1', '1', '2', '7', NULL, 'N', NULL, 'Y', NULL, 'vn44178             ', {ts '2015-03-18 10:44:56.671000'}, {ts '2015-03-18 10:44:56.671000'}, 'vn44178');
INSERT INTO "DSV_ASSRT"."RULE_DEFNS" ("RULE_ID", "SEQ_NBR", "LVL_ID", "LOGIC_OPRTR_ID", "RULE_CAT_1_ID", "MATH_OPRTR_ID", "RULE_CAT_2_ID", "VAL", "VAL_TYP_CD", "PCT_SW", "RULE_CAT_3_ID", "ACTV_SW", "ACT_TYP_CD", "CRE8_UID", "CRE8_TS", "LST_UPDT_TS", "LST_UPDT_UID") VALUES ('17', '2', '36', '1', '1', '2', '2', '6', NULL, 'N', NULL, 'Y', NULL, 'vn44178             ', {ts '2015-03-18 17:25:57.694000'}, {ts '2015-03-19 09:32:02.239000'}, 'vn44178');
INSERT INTO "DSV_ASSRT"."RULE_DEFNS" ("RULE_ID", "SEQ_NBR", "LVL_ID", "LOGIC_OPRTR_ID", "RULE_CAT_1_ID", "MATH_OPRTR_ID", "RULE_CAT_2_ID", "VAL", "VAL_TYP_CD", "PCT_SW", "RULE_CAT_3_ID", "ACTV_SW", "ACT_TYP_CD", "CRE8_UID", "CRE8_TS", "LST_UPDT_TS", "LST_UPDT_UID") VALUES ('17', '1', '36', '1', '1', '1', '2', '5', NULL, 'N', NULL, 'Y', NULL, 'vn44178             ', {ts '2015-03-18 17:25:57.694000'}, {ts '2015-03-19 09:32:02.239000'}, 'vn44178');
INSERT INTO "DSV_ASSRT"."RULE_DEFNS" ("RULE_ID", "SEQ_NBR", "LVL_ID", "LOGIC_OPRTR_ID", "RULE_CAT_1_ID", "MATH_OPRTR_ID", "RULE_CAT_2_ID", "VAL", "VAL_TYP_CD", "PCT_SW", "RULE_CAT_3_ID", "ACTV_SW", "ACT_TYP_CD", "CRE8_UID", "CRE8_TS", "LST_UPDT_TS", "LST_UPDT_UID") VALUES ('17', '2', '35', '1', '1', '2', '2', '6', NULL, 'N', NULL, 'Y', NULL, 'vn44178             ', {ts '2015-03-18 17:23:13.054000'}, {ts '2015-03-18 17:23:13.054000'}, 'vn44178');
INSERT INTO "DSV_ASSRT"."RULE_DEFNS" ("RULE_ID", "SEQ_NBR", "LVL_ID", "LOGIC_OPRTR_ID", "RULE_CAT_1_ID", "MATH_OPRTR_ID", "RULE_CAT_2_ID", "VAL", "VAL_TYP_CD", "PCT_SW", "RULE_CAT_3_ID", "ACTV_SW", "ACT_TYP_CD", "CRE8_UID", "CRE8_TS", "LST_UPDT_TS", "LST_UPDT_UID") VALUES ('17', '1', '35', '1', '1', '1', '2', '3', NULL, 'N', NULL, 'Y', NULL, 'vn44178             ', {ts '2015-03-18 17:23:13.054000'}, {ts '2015-03-18 17:23:13.054000'}, 'vn44178');
INSERT INTO "DSV_ASSRT"."RULE_DEFNS" ("RULE_ID", "SEQ_NBR", "LVL_ID", "LOGIC_OPRTR_ID", "RULE_CAT_1_ID", "MATH_OPRTR_ID", "RULE_CAT_2_ID", "VAL", "VAL_TYP_CD", "PCT_SW", "RULE_CAT_3_ID", "ACTV_SW", "ACT_TYP_CD", "CRE8_UID", "CRE8_TS", "LST_UPDT_TS", "LST_UPDT_UID") VALUES ('17', '2', '43', '1', '1', '2', '2', '7', NULL, 'N', NULL, 'Y', NULL, 'vn44178             ', {ts '2015-03-19 09:29:30.434000'}, {ts '2015-03-19 09:29:47.948000'}, 'vn44178');
INSERT INTO "DSV_ASSRT"."RULE_DEFNS" ("RULE_ID", "SEQ_NBR", "LVL_ID", "LOGIC_OPRTR_ID", "RULE_CAT_1_ID", "MATH_OPRTR_ID", "RULE_CAT_2_ID", "VAL", "VAL_TYP_CD", "PCT_SW", "RULE_CAT_3_ID", "ACTV_SW", "ACT_TYP_CD", "CRE8_UID", "CRE8_TS", "LST_UPDT_TS", "LST_UPDT_UID") VALUES ('17', '1', '43', '1', '1', '1', '2', '5', NULL, 'N', NULL, 'Y', NULL, 'vn44178             ', {ts '2015-03-19 09:29:30.434000'}, {ts '2015-03-19 09:29:47.948000'}, 'vn44178');
INSERT INTO "DSV_ASSRT"."RULE_DEFNS" ("RULE_ID", "SEQ_NBR", "LVL_ID", "LOGIC_OPRTR_ID", "RULE_CAT_1_ID", "MATH_OPRTR_ID", "RULE_CAT_2_ID", "VAL", "VAL_TYP_CD", "PCT_SW", "RULE_CAT_3_ID", "ACTV_SW", "ACT_TYP_CD", "CRE8_UID", "CRE8_TS", "LST_UPDT_TS", "LST_UPDT_UID") VALUES ('17', '2', '41', '1', '1', '2', '2', '7', NULL, 'N', NULL, 'Y', NULL, 'vn44178             ', {ts '2015-03-19 09:18:09.693000'}, {ts '2015-03-19 11:26:08.665000'}, 'vn44178');
INSERT INTO "DSV_ASSRT"."RULE_DEFNS" ("RULE_ID", "SEQ_NBR", "LVL_ID", "LOGIC_OPRTR_ID", "RULE_CAT_1_ID", "MATH_OPRTR_ID", "RULE_CAT_2_ID", "VAL", "VAL_TYP_CD", "PCT_SW", "RULE_CAT_3_ID", "ACTV_SW", "ACT_TYP_CD", "CRE8_UID", "CRE8_TS", "LST_UPDT_TS", "LST_UPDT_UID") VALUES ('17', '1', '41', '1', '1', '1', '2', '3', NULL, 'N', NULL, 'Y', NULL, 'vn44178             ', {ts '2015-03-19 09:18:09.693000'}, {ts '2015-03-19 11:26:08.665000'}, 'vn44178');
INSERT INTO "DSV_ASSRT"."RULE_DEFNS" ("RULE_ID", "SEQ_NBR", "LVL_ID", "LOGIC_OPRTR_ID", "RULE_CAT_1_ID", "MATH_OPRTR_ID", "RULE_CAT_2_ID", "VAL", "VAL_TYP_CD", "PCT_SW", "RULE_CAT_3_ID", "ACTV_SW", "ACT_TYP_CD", "CRE8_UID", "CRE8_TS", "LST_UPDT_TS", "LST_UPDT_UID") VALUES ('17', '2', '52', '1', '1', '2', '2', '8', NULL, 'N', NULL, 'Y', NULL, 'vn44178             ', {ts '2015-03-19 11:14:52.850000'}, {ts '2015-03-19 11:14:52.850000'}, 'vn44178');
INSERT INTO "DSV_ASSRT"."RULE_DEFNS" ("RULE_ID", "SEQ_NBR", "LVL_ID", "LOGIC_OPRTR_ID", "RULE_CAT_1_ID", "MATH_OPRTR_ID", "RULE_CAT_2_ID", "VAL", "VAL_TYP_CD", "PCT_SW", "RULE_CAT_3_ID", "ACTV_SW", "ACT_TYP_CD", "CRE8_UID", "CRE8_TS", "LST_UPDT_TS", "LST_UPDT_UID") VALUES ('17', '1', '52', '1', '1', '1', '2', '6', NULL, 'N', NULL, 'Y', NULL, 'vn44178             ', {ts '2015-03-19 11:14:52.850000'}, {ts '2015-03-19 11:14:52.850000'}, 'vn44178');
INSERT INTO "DSV_ASSRT"."RULE_DEFNS" ("RULE_ID", "SEQ_NBR", "LVL_ID", "LOGIC_OPRTR_ID", "RULE_CAT_1_ID", "MATH_OPRTR_ID", "RULE_CAT_2_ID", "VAL", "VAL_TYP_CD", "PCT_SW", "RULE_CAT_3_ID", "ACTV_SW", "ACT_TYP_CD", "CRE8_UID", "CRE8_TS", "LST_UPDT_TS", "LST_UPDT_UID") VALUES ('17', '2', '51', '1', '1', '2', '2', '8', NULL, 'N', NULL, 'Y', NULL, 'vn44178             ', {ts '2015-03-19 11:14:39.287000'}, {ts '2015-03-19 11:14:39.287000'}, 'vn44178');
INSERT INTO "DSV_ASSRT"."RULE_DEFNS" ("RULE_ID", "SEQ_NBR", "LVL_ID", "LOGIC_OPRTR_ID", "RULE_CAT_1_ID", "MATH_OPRTR_ID", "RULE_CAT_2_ID", "VAL", "VAL_TYP_CD", "PCT_SW", "RULE_CAT_3_ID", "ACTV_SW", "ACT_TYP_CD", "CRE8_UID", "CRE8_TS", "LST_UPDT_TS", "LST_UPDT_UID") VALUES ('17', '1', '51', '1', '1', '1', '2', '6', NULL, 'N', NULL, 'Y', NULL, 'vn44178             ', {ts '2015-03-19 11:14:39.287000'}, {ts '2015-03-19 11:14:39.287000'}, 'vn44178');
INSERT INTO "DSV_ASSRT"."RULE_DEFNS" ("RULE_ID", "SEQ_NBR", "LVL_ID", "LOGIC_OPRTR_ID", "RULE_CAT_1_ID", "MATH_OPRTR_ID", "RULE_CAT_2_ID", "VAL", "VAL_TYP_CD", "PCT_SW", "RULE_CAT_3_ID", "ACTV_SW", "ACT_TYP_CD", "CRE8_UID", "CRE8_TS", "LST_UPDT_TS", "LST_UPDT_UID") VALUES ('17', '2', '13', '1', '1', '2', '2', '8', NULL, 'N', NULL, 'Y', NULL, 'vn44178             ', {ts '2015-03-18 10:22:38.265000'}, {ts '2015-03-18 10:24:19.548000'}, 'vn44178');
INSERT INTO "DSV_ASSRT"."RULE_DEFNS" ("RULE_ID", "SEQ_NBR", "LVL_ID", "LOGIC_OPRTR_ID", "RULE_CAT_1_ID", "MATH_OPRTR_ID", "RULE_CAT_2_ID", "VAL", "VAL_TYP_CD", "PCT_SW", "RULE_CAT_3_ID", "ACTV_SW", "ACT_TYP_CD", "CRE8_UID", "CRE8_TS", "LST_UPDT_TS", "LST_UPDT_UID") VALUES ('17', '1', '13', '1', '1', '1', '2', '7', NULL, 'N', NULL, 'Y', NULL, 'vn44178             ', {ts '2015-03-18 10:22:38.265000'}, {ts '2015-03-18 10:24:19.548000'}, 'vn44178');
INSERT INTO "DSV_ASSRT"."RULE_DEFNS" ("RULE_ID", "SEQ_NBR", "LVL_ID", "LOGIC_OPRTR_ID", "RULE_CAT_1_ID", "MATH_OPRTR_ID", "RULE_CAT_2_ID", "VAL", "VAL_TYP_CD", "PCT_SW", "RULE_CAT_3_ID", "ACTV_SW", "ACT_TYP_CD", "CRE8_UID", "CRE8_TS", "LST_UPDT_TS", "LST_UPDT_UID") VALUES ('17', '2', '9', '1', '1', '2', '2', '6', NULL, 'N', NULL, 'Y', NULL, 'vn44178             ', {ts '2015-03-18 09:41:44.146000'}, {ts '2015-03-18 17:15:17.899000'}, 'vn44178');
INSERT INTO "DSV_ASSRT"."RULE_DEFNS" ("RULE_ID", "SEQ_NBR", "LVL_ID", "LOGIC_OPRTR_ID", "RULE_CAT_1_ID", "MATH_OPRTR_ID", "RULE_CAT_2_ID", "VAL", "VAL_TYP_CD", "PCT_SW", "RULE_CAT_3_ID", "ACTV_SW", "ACT_TYP_CD", "CRE8_UID", "CRE8_TS", "LST_UPDT_TS", "LST_UPDT_UID") VALUES ('17', '1', '9', '1', '1', '1', '2', '5', NULL, 'N', NULL, 'Y', NULL, 'vn44178             ', {ts '2015-03-18 09:41:44.146000'}, {ts '2015-03-18 17:15:17.899000'}, 'vn44178');
INSERT INTO "DSV_ASSRT"."RULE_DEFNS" ("RULE_ID", "SEQ_NBR", "LVL_ID", "LOGIC_OPRTR_ID", "RULE_CAT_1_ID", "MATH_OPRTR_ID", "RULE_CAT_2_ID", "VAL", "VAL_TYP_CD", "PCT_SW", "RULE_CAT_3_ID", "ACTV_SW", "ACT_TYP_CD", "CRE8_UID", "CRE8_TS", "LST_UPDT_TS", "LST_UPDT_UID") VALUES ('17', '2', '19', '1', '1', '2', '2', '6', NULL, 'N', NULL, 'Y', NULL, 'vn44178             ', {ts '2015-03-18 15:07:29.636000'}, {ts '2015-03-18 15:07:29.636000'}, 'vn44178');
INSERT INTO "DSV_ASSRT"."RULE_DEFNS" ("RULE_ID", "SEQ_NBR", "LVL_ID", "LOGIC_OPRTR_ID", "RULE_CAT_1_ID", "MATH_OPRTR_ID", "RULE_CAT_2_ID", "VAL", "VAL_TYP_CD", "PCT_SW", "RULE_CAT_3_ID", "ACTV_SW", "ACT_TYP_CD", "CRE8_UID", "CRE8_TS", "LST_UPDT_TS", "LST_UPDT_UID") VALUES ('17', '1', '19', '1', '1', '1', '2', '5', NULL, 'N', NULL, 'Y', NULL, 'vn44178             ', {ts '2015-03-18 15:07:29.636000'}, {ts '2015-03-18 15:07:29.636000'}, 'vn44178');
INSERT INTO "DSV_ASSRT"."RULE_DEFNS" ("RULE_ID", "SEQ_NBR", "LVL_ID", "LOGIC_OPRTR_ID", "RULE_CAT_1_ID", "MATH_OPRTR_ID", "RULE_CAT_2_ID", "VAL", "VAL_TYP_CD", "PCT_SW", "RULE_CAT_3_ID", "ACTV_SW", "ACT_TYP_CD", "CRE8_UID", "CRE8_TS", "LST_UPDT_TS", "LST_UPDT_UID") VALUES ('17', '2', '17', '1', '1', '2', '2', '6', NULL, 'N', NULL, 'Y', NULL, 'vn44178             ', {ts '2015-03-18 14:06:01.251000'}, {ts '2015-03-18 16:54:56.913000'}, 'vn44178');
INSERT INTO "DSV_ASSRT"."RULE_DEFNS" ("RULE_ID", "SEQ_NBR", "LVL_ID", "LOGIC_OPRTR_ID", "RULE_CAT_1_ID", "MATH_OPRTR_ID", "RULE_CAT_2_ID", "VAL", "VAL_TYP_CD", "PCT_SW", "RULE_CAT_3_ID", "ACTV_SW", "ACT_TYP_CD", "CRE8_UID", "CRE8_TS", "LST_UPDT_TS", "LST_UPDT_UID") VALUES ('17', '1', '17', '1', '1', '1', '2', '4', NULL, 'N', NULL, 'Y', NULL, 'vn44178             ', {ts '2015-03-18 14:06:01.251000'}, {ts '2015-03-18 16:54:56.913000'}, 'vn44178');
INSERT INTO "DSV_ASSRT"."RULE_DEFNS" ("RULE_ID", "SEQ_NBR", "LVL_ID", "LOGIC_OPRTR_ID", "RULE_CAT_1_ID", "MATH_OPRTR_ID", "RULE_CAT_2_ID", "VAL", "VAL_TYP_CD", "PCT_SW", "RULE_CAT_3_ID", "ACTV_SW", "ACT_TYP_CD", "CRE8_UID", "CRE8_TS", "LST_UPDT_TS", "LST_UPDT_UID") VALUES ('17', '2', '14', '1', '1', '2', '2', '8', NULL, 'N', NULL, 'Y', NULL, 'vn44178             ', {ts '2015-03-18 10:44:56.671000'}, {ts '2015-03-18 10:44:56.671000'}, 'vn44178');
INSERT INTO "DSV_ASSRT"."RULE_DEFNS" ("RULE_ID", "SEQ_NBR", "LVL_ID", "LOGIC_OPRTR_ID", "RULE_CAT_1_ID", "MATH_OPRTR_ID", "RULE_CAT_2_ID", "VAL", "VAL_TYP_CD", "PCT_SW", "RULE_CAT_3_ID", "ACTV_SW", "ACT_TYP_CD", "CRE8_UID", "CRE8_TS", "LST_UPDT_TS", "LST_UPDT_UID") VALUES ('16', '1', '14', '1', '1', '1', '2', '6', NULL, 'N', NULL, 'Y', NULL, 'vn44178             ', {ts '2015-03-18 10:44:56.671000'}, {ts '2015-03-18 10:44:56.671000'}, 'vn44178');
INSERT INTO "DSV_ASSRT"."RULE_DEFNS" ("RULE_ID", "SEQ_NBR", "LVL_ID", "LOGIC_OPRTR_ID", "RULE_CAT_1_ID", "MATH_OPRTR_ID", "RULE_CAT_2_ID", "VAL", "VAL_TYP_CD", "PCT_SW", "RULE_CAT_3_ID", "ACTV_SW", "ACT_TYP_CD", "CRE8_UID", "CRE8_TS", "LST_UPDT_TS", "LST_UPDT_UID") VALUES ('16', '2', '36', '1', '1', '2', '2', '4', NULL, 'Y', NULL, 'Y', NULL, 'vn44178             ', {ts '2015-03-18 17:25:57.694000'}, {ts '2015-03-19 09:32:02.239000'}, 'vn44178');
INSERT INTO "DSV_ASSRT"."RULE_DEFNS" ("RULE_ID", "SEQ_NBR", "LVL_ID", "LOGIC_OPRTR_ID", "RULE_CAT_1_ID", "MATH_OPRTR_ID", "RULE_CAT_2_ID", "VAL", "VAL_TYP_CD", "PCT_SW", "RULE_CAT_3_ID", "ACTV_SW", "ACT_TYP_CD", "CRE8_UID", "CRE8_TS", "LST_UPDT_TS", "LST_UPDT_UID") VALUES ('16', '1', '36', '1', '1', '1', '2', '3', NULL, 'N', NULL, 'Y', NULL, 'vn44178             ', {ts '2015-03-18 17:25:57.694000'}, {ts '2015-03-19 09:32:02.239000'}, 'vn44178');
INSERT INTO "DSV_ASSRT"."RULE_DEFNS" ("RULE_ID", "SEQ_NBR", "LVL_ID", "LOGIC_OPRTR_ID", "RULE_CAT_1_ID", "MATH_OPRTR_ID", "RULE_CAT_2_ID", "VAL", "VAL_TYP_CD", "PCT_SW", "RULE_CAT_3_ID", "ACTV_SW", "ACT_TYP_CD", "CRE8_UID", "CRE8_TS", "LST_UPDT_TS", "LST_UPDT_UID") VALUES ('16', '2', '35', '1', '1', '2', '2', '5', NULL, 'Y', NULL, 'Y', NULL, 'vn44178             ', {ts '2015-03-18 17:23:13.054000'}, {ts '2015-03-18 17:23:13.054000'}, 'vn44178');
INSERT INTO "DSV_ASSRT"."RULE_DEFNS" ("RULE_ID", "SEQ_NBR", "LVL_ID", "LOGIC_OPRTR_ID", "RULE_CAT_1_ID", "MATH_OPRTR_ID", "RULE_CAT_2_ID", "VAL", "VAL_TYP_CD", "PCT_SW", "RULE_CAT_3_ID", "ACTV_SW", "ACT_TYP_CD", "CRE8_UID", "CRE8_TS", "LST_UPDT_TS", "LST_UPDT_UID") VALUES ('16', '1', '35', '1', '1', '1', '2', '3', NULL, 'N', NULL, 'Y', NULL, 'vn44178             ', {ts '2015-03-18 17:23:13.054000'}, {ts '2015-03-18 17:23:13.054000'}, 'vn44178');
INSERT INTO "DSV_ASSRT"."RULE_DEFNS" ("RULE_ID", "SEQ_NBR", "LVL_ID", "LOGIC_OPRTR_ID", "RULE_CAT_1_ID", "MATH_OPRTR_ID", "RULE_CAT_2_ID", "VAL", "VAL_TYP_CD", "PCT_SW", "RULE_CAT_3_ID", "ACTV_SW", "ACT_TYP_CD", "CRE8_UID", "CRE8_TS", "LST_UPDT_TS", "LST_UPDT_UID") VALUES ('16', '2', '43', '1', '1', '2', '2', '5', NULL, 'Y', NULL, 'Y', NULL, 'vn44178             ', {ts '2015-03-19 09:29:30.434000'}, {ts '2015-03-19 09:29:47.948000'}, 'vn44178');
INSERT INTO "DSV_ASSRT"."RULE_DEFNS" ("RULE_ID", "SEQ_NBR", "LVL_ID", "LOGIC_OPRTR_ID", "RULE_CAT_1_ID", "MATH_OPRTR_ID", "RULE_CAT_2_ID", "VAL", "VAL_TYP_CD", "PCT_SW", "RULE_CAT_3_ID", "ACTV_SW", "ACT_TYP_CD", "CRE8_UID", "CRE8_TS", "LST_UPDT_TS", "LST_UPDT_UID") VALUES ('16', '1', '43', '1', '1', '1', '2', '4', NULL, 'N', NULL, 'Y', NULL, 'vn44178             ', {ts '2015-03-19 09:29:30.434000'}, {ts '2015-03-19 09:29:47.948000'}, 'vn44178');
INSERT INTO "DSV_ASSRT"."RULE_DEFNS" ("RULE_ID", "SEQ_NBR", "LVL_ID", "LOGIC_OPRTR_ID", "RULE_CAT_1_ID", "MATH_OPRTR_ID", "RULE_CAT_2_ID", "VAL", "VAL_TYP_CD", "PCT_SW", "RULE_CAT_3_ID", "ACTV_SW", "ACT_TYP_CD", "CRE8_UID", "CRE8_TS", "LST_UPDT_TS", "LST_UPDT_UID") VALUES ('16', '2', '41', '1', '1', '2', '2', '5', NULL, 'Y', NULL, 'Y', NULL, 'vn44178             ', {ts '2015-03-19 09:18:09.693000'}, {ts '2015-03-19 11:26:08.665000'}, 'vn44178');
INSERT INTO "DSV_ASSRT"."RULE_DEFNS" ("RULE_ID", "SEQ_NBR", "LVL_ID", "LOGIC_OPRTR_ID", "RULE_CAT_1_ID", "MATH_OPRTR_ID", "RULE_CAT_2_ID", "VAL", "VAL_TYP_CD", "PCT_SW", "RULE_CAT_3_ID", "ACTV_SW", "ACT_TYP_CD", "CRE8_UID", "CRE8_TS", "LST_UPDT_TS", "LST_UPDT_UID") VALUES ('16', '1', '41', '1', '1', '1', '2', '4', NULL, 'N', NULL, 'Y', NULL, 'vn44178             ', {ts '2015-03-19 09:18:09.693000'}, {ts '2015-03-19 11:26:08.665000'}, 'vn44178');
INSERT INTO "DSV_ASSRT"."RULE_DEFNS" ("RULE_ID", "SEQ_NBR", "LVL_ID", "LOGIC_OPRTR_ID", "RULE_CAT_1_ID", "MATH_OPRTR_ID", "RULE_CAT_2_ID", "VAL", "VAL_TYP_CD", "PCT_SW", "RULE_CAT_3_ID", "ACTV_SW", "ACT_TYP_CD", "CRE8_UID", "CRE8_TS", "LST_UPDT_TS", "LST_UPDT_UID") VALUES ('16', '2', '52', '1', '1', '2', '2', '4', NULL, 'Y', NULL, 'Y', NULL, 'vn44178             ', {ts '2015-03-19 11:14:52.850000'}, {ts '2015-03-19 11:14:52.850000'}, 'vn44178');
INSERT INTO "DSV_ASSRT"."RULE_DEFNS" ("RULE_ID", "SEQ_NBR", "LVL_ID", "LOGIC_OPRTR_ID", "RULE_CAT_1_ID", "MATH_OPRTR_ID", "RULE_CAT_2_ID", "VAL", "VAL_TYP_CD", "PCT_SW", "RULE_CAT_3_ID", "ACTV_SW", "ACT_TYP_CD", "CRE8_UID", "CRE8_TS", "LST_UPDT_TS", "LST_UPDT_UID") VALUES ('16', '1', '52', '1', '1', '1', '2', '2', NULL, 'N', NULL, 'Y', NULL, 'vn44178             ', {ts '2015-03-19 11:14:52.850000'}, {ts '2015-03-19 11:14:52.850000'}, 'vn44178');
INSERT INTO "DSV_ASSRT"."RULE_DEFNS" ("RULE_ID", "SEQ_NBR", "LVL_ID", "LOGIC_OPRTR_ID", "RULE_CAT_1_ID", "MATH_OPRTR_ID", "RULE_CAT_2_ID", "VAL", "VAL_TYP_CD", "PCT_SW", "RULE_CAT_3_ID", "ACTV_SW", "ACT_TYP_CD", "CRE8_UID", "CRE8_TS", "LST_UPDT_TS", "LST_UPDT_UID") VALUES ('16', '2', '51', '1', '1', '2', '2', '4', NULL, 'Y', NULL, 'Y', NULL, 'vn44178             ', {ts '2015-03-19 11:14:39.287000'}, {ts '2015-03-19 11:14:39.287000'}, 'vn44178');
INSERT INTO "DSV_ASSRT"."RULE_DEFNS" ("RULE_ID", "SEQ_NBR", "LVL_ID", "LOGIC_OPRTR_ID", "RULE_CAT_1_ID", "MATH_OPRTR_ID", "RULE_CAT_2_ID", "VAL", "VAL_TYP_CD", "PCT_SW", "RULE_CAT_3_ID", "ACTV_SW", "ACT_TYP_CD", "CRE8_UID", "CRE8_TS", "LST_UPDT_TS", "LST_UPDT_UID") VALUES ('16', '1', '51', '1', '1', '1', '2', '2', NULL, 'N', NULL, 'Y', NULL, 'vn44178             ', {ts '2015-03-19 11:14:39.287000'}, {ts '2015-03-19 11:14:39.287000'}, 'vn44178');
INSERT INTO "DSV_ASSRT"."RULE_DEFNS" ("RULE_ID", "SEQ_NBR", "LVL_ID", "LOGIC_OPRTR_ID", "RULE_CAT_1_ID", "MATH_OPRTR_ID", "RULE_CAT_2_ID", "VAL", "VAL_TYP_CD", "PCT_SW", "RULE_CAT_3_ID", "ACTV_SW", "ACT_TYP_CD", "CRE8_UID", "CRE8_TS", "LST_UPDT_TS", "LST_UPDT_UID") VALUES ('16', '2', '13', '1', '1', '2', '2', '9', NULL, 'Y', NULL, 'Y', NULL, 'vn44178             ', {ts '2015-03-18 10:22:38.265000'}, {ts '2015-03-18 10:24:19.548000'}, 'vn44178');
INSERT INTO "DSV_ASSRT"."RULE_DEFNS" ("RULE_ID", "SEQ_NBR", "LVL_ID", "LOGIC_OPRTR_ID", "RULE_CAT_1_ID", "MATH_OPRTR_ID", "RULE_CAT_2_ID", "VAL", "VAL_TYP_CD", "PCT_SW", "RULE_CAT_3_ID", "ACTV_SW", "ACT_TYP_CD", "CRE8_UID", "CRE8_TS", "LST_UPDT_TS", "LST_UPDT_UID") VALUES ('16', '1', '13', '1', '1', '1', '2', '8', NULL, 'N', NULL, 'Y', NULL, 'vn44178             ', {ts '2015-03-18 10:22:38.265000'}, {ts '2015-03-18 10:24:19.548000'}, 'vn44178');
INSERT INTO "DSV_ASSRT"."RULE_DEFNS" ("RULE_ID", "SEQ_NBR", "LVL_ID", "LOGIC_OPRTR_ID", "RULE_CAT_1_ID", "MATH_OPRTR_ID", "RULE_CAT_2_ID", "VAL", "VAL_TYP_CD", "PCT_SW", "RULE_CAT_3_ID", "ACTV_SW", "ACT_TYP_CD", "CRE8_UID", "CRE8_TS", "LST_UPDT_TS", "LST_UPDT_UID") VALUES ('16', '2', '9', '1', '1', '2', '2', '5', NULL, 'Y', NULL, 'Y', NULL, 'vn44178             ', {ts '2015-03-18 09:41:44.146000'}, {ts '2015-03-18 17:15:17.899000'}, 'vn44178');
INSERT INTO "DSV_ASSRT"."RULE_DEFNS" ("RULE_ID", "SEQ_NBR", "LVL_ID", "LOGIC_OPRTR_ID", "RULE_CAT_1_ID", "MATH_OPRTR_ID", "RULE_CAT_2_ID", "VAL", "VAL_TYP_CD", "PCT_SW", "RULE_CAT_3_ID", "ACTV_SW", "ACT_TYP_CD", "CRE8_UID", "CRE8_TS", "LST_UPDT_TS", "LST_UPDT_UID") VALUES ('16', '1', '9', '1', '1', '1', '2', '4', NULL, 'N', NULL, 'Y', NULL, 'vn44178             ', {ts '2015-03-18 09:41:44.146000'}, {ts '2015-03-18 17:15:17.899000'}, 'vn44178');
INSERT INTO "DSV_ASSRT"."RULE_DEFNS" ("RULE_ID", "SEQ_NBR", "LVL_ID", "LOGIC_OPRTR_ID", "RULE_CAT_1_ID", "MATH_OPRTR_ID", "RULE_CAT_2_ID", "VAL", "VAL_TYP_CD", "PCT_SW", "RULE_CAT_3_ID", "ACTV_SW", "ACT_TYP_CD", "CRE8_UID", "CRE8_TS", "LST_UPDT_TS", "LST_UPDT_UID") VALUES ('16', '2', '19', '1', '1', '2', '2', '4', NULL, 'Y', NULL, 'Y', NULL, 'vn44178             ', {ts '2015-03-18 15:07:29.636000'}, {ts '2015-03-18 15:07:29.636000'}, 'vn44178');
INSERT INTO "DSV_ASSRT"."RULE_DEFNS" ("RULE_ID", "SEQ_NBR", "LVL_ID", "LOGIC_OPRTR_ID", "RULE_CAT_1_ID", "MATH_OPRTR_ID", "RULE_CAT_2_ID", "VAL", "VAL_TYP_CD", "PCT_SW", "RULE_CAT_3_ID", "ACTV_SW", "ACT_TYP_CD", "CRE8_UID", "CRE8_TS", "LST_UPDT_TS", "LST_UPDT_UID") VALUES ('16', '1', '19', '1', '1', '1', '2', '3', NULL, 'N', NULL, 'Y', NULL, 'vn44178             ', {ts '2015-03-18 15:07:29.636000'}, {ts '2015-03-18 15:07:29.636000'}, 'vn44178');
INSERT INTO "DSV_ASSRT"."RULE_DEFNS" ("RULE_ID", "SEQ_NBR", "LVL_ID", "LOGIC_OPRTR_ID", "RULE_CAT_1_ID", "MATH_OPRTR_ID", "RULE_CAT_2_ID", "VAL", "VAL_TYP_CD", "PCT_SW", "RULE_CAT_3_ID", "ACTV_SW", "ACT_TYP_CD", "CRE8_UID", "CRE8_TS", "LST_UPDT_TS", "LST_UPDT_UID") VALUES ('16', '2', '17', '1', '1', '2', '2', '2', NULL, 'Y', NULL, 'Y', NULL, 'vn44178             ', {ts '2015-03-18 14:06:01.251000'}, {ts '2015-03-18 16:54:56.912000'}, 'vn44178');
INSERT INTO "DSV_ASSRT"."RULE_DEFNS" ("RULE_ID", "SEQ_NBR", "LVL_ID", "LOGIC_OPRTR_ID", "RULE_CAT_1_ID", "MATH_OPRTR_ID", "RULE_CAT_2_ID", "VAL", "VAL_TYP_CD", "PCT_SW", "RULE_CAT_3_ID", "ACTV_SW", "ACT_TYP_CD", "CRE8_UID", "CRE8_TS", "LST_UPDT_TS", "LST_UPDT_UID") VALUES ('16', '1', '17', '1', '1', '1', '2', '1', NULL, 'N', NULL, 'Y', NULL, 'vn44178             ', {ts '2015-03-18 14:06:01.251000'}, {ts '2015-03-18 16:54:56.912000'}, 'vn44178');
INSERT INTO "DSV_ASSRT"."RULE_DEFNS" ("RULE_ID", "SEQ_NBR", "LVL_ID", "LOGIC_OPRTR_ID", "RULE_CAT_1_ID", "MATH_OPRTR_ID", "RULE_CAT_2_ID", "VAL", "VAL_TYP_CD", "PCT_SW", "RULE_CAT_3_ID", "ACTV_SW", "ACT_TYP_CD", "CRE8_UID", "CRE8_TS", "LST_UPDT_TS", "LST_UPDT_UID") VALUES ('16', '2', '14', '1', '1', '2', '2', '7', NULL, 'Y', NULL, 'Y', NULL, 'vn44178             ', {ts '2015-03-18 10:44:56.671000'}, {ts '2015-03-18 10:44:56.671000'}, 'vn44178');
INSERT INTO "DSV_ASSRT"."RULE_DEFNS" ("RULE_ID", "SEQ_NBR", "LVL_ID", "LOGIC_OPRTR_ID", "RULE_CAT_1_ID", "MATH_OPRTR_ID", "RULE_CAT_2_ID", "VAL", "VAL_TYP_CD", "PCT_SW", "RULE_CAT_3_ID", "ACTV_SW", "ACT_TYP_CD", "CRE8_UID", "CRE8_TS", "LST_UPDT_TS", "LST_UPDT_UID") VALUES ('15', '1', '14', '1', '1', '1', '2', '3', NULL, 'N', NULL, 'Y', NULL, 'vn44178             ', {ts '2015-03-18 10:44:56.671000'}, {ts '2015-03-18 10:44:56.671000'}, 'vn44178');
INSERT INTO "DSV_ASSRT"."RULE_DEFNS" ("RULE_ID", "SEQ_NBR", "LVL_ID", "LOGIC_OPRTR_ID", "RULE_CAT_1_ID", "MATH_OPRTR_ID", "RULE_CAT_2_ID", "VAL", "VAL_TYP_CD", "PCT_SW", "RULE_CAT_3_ID", "ACTV_SW", "ACT_TYP_CD", "CRE8_UID", "CRE8_TS", "LST_UPDT_TS", "LST_UPDT_UID") VALUES ('15', '2', '36', '1', '1', '2', '2', '2', NULL, 'Y', NULL, 'Y', NULL, 'vn44178             ', {ts '2015-03-18 17:25:57.694000'}, {ts '2015-03-19 09:32:02.239000'}, 'vn44178');
INSERT INTO "DSV_ASSRT"."RULE_DEFNS" ("RULE_ID", "SEQ_NBR", "LVL_ID", "LOGIC_OPRTR_ID", "RULE_CAT_1_ID", "MATH_OPRTR_ID", "RULE_CAT_2_ID", "VAL", "VAL_TYP_CD", "PCT_SW", "RULE_CAT_3_ID", "ACTV_SW", "ACT_TYP_CD", "CRE8_UID", "CRE8_TS", "LST_UPDT_TS", "LST_UPDT_UID") VALUES ('15', '1', '36', '1', '1', '1', '2', '1', NULL, 'N', NULL, 'Y', NULL, 'vn44178             ', {ts '2015-03-18 17:25:57.694000'}, {ts '2015-03-19 09:32:02.239000'}, 'vn44178');
INSERT INTO "DSV_ASSRT"."RULE_DEFNS" ("RULE_ID", "SEQ_NBR", "LVL_ID", "LOGIC_OPRTR_ID", "RULE_CAT_1_ID", "MATH_OPRTR_ID", "RULE_CAT_2_ID", "VAL", "VAL_TYP_CD", "PCT_SW", "RULE_CAT_3_ID", "ACTV_SW", "ACT_TYP_CD", "CRE8_UID", "CRE8_TS", "LST_UPDT_TS", "LST_UPDT_UID") VALUES ('15', '2', '35', '1', '1', '2', '2', '5', NULL, 'Y', NULL, 'Y', NULL, 'vn44178             ', {ts '2015-03-18 17:23:13.054000'}, {ts '2015-03-18 17:23:13.054000'}, 'vn44178');
INSERT INTO "DSV_ASSRT"."RULE_DEFNS" ("RULE_ID", "SEQ_NBR", "LVL_ID", "LOGIC_OPRTR_ID", "RULE_CAT_1_ID", "MATH_OPRTR_ID", "RULE_CAT_2_ID", "VAL", "VAL_TYP_CD", "PCT_SW", "RULE_CAT_3_ID", "ACTV_SW", "ACT_TYP_CD", "CRE8_UID", "CRE8_TS", "LST_UPDT_TS", "LST_UPDT_UID") VALUES ('15', '1', '35', '1', '1', '1', '2', '1', NULL, 'N', NULL, 'Y', NULL, 'vn44178             ', {ts '2015-03-18 17:23:13.054000'}, {ts '2015-03-18 17:23:13.054000'}, 'vn44178');
INSERT INTO "DSV_ASSRT"."RULE_DEFNS" ("RULE_ID", "SEQ_NBR", "LVL_ID", "LOGIC_OPRTR_ID", "RULE_CAT_1_ID", "MATH_OPRTR_ID", "RULE_CAT_2_ID", "VAL", "VAL_TYP_CD", "PCT_SW", "RULE_CAT_3_ID", "ACTV_SW", "ACT_TYP_CD", "CRE8_UID", "CRE8_TS", "LST_UPDT_TS", "LST_UPDT_UID") VALUES ('15', '2', '43', '1', '1', '2', '2', '3', NULL, 'Y', NULL, 'Y', NULL, 'vn44178             ', {ts '2015-03-19 09:29:30.434000'}, {ts '2015-03-19 09:29:47.948000'}, 'vn44178');
INSERT INTO "DSV_ASSRT"."RULE_DEFNS" ("RULE_ID", "SEQ_NBR", "LVL_ID", "LOGIC_OPRTR_ID", "RULE_CAT_1_ID", "MATH_OPRTR_ID", "RULE_CAT_2_ID", "VAL", "VAL_TYP_CD", "PCT_SW", "RULE_CAT_3_ID", "ACTV_SW", "ACT_TYP_CD", "CRE8_UID", "CRE8_TS", "LST_UPDT_TS", "LST_UPDT_UID") VALUES ('15', '1', '43', '1', '1', '1', '2', '2', NULL, 'N', NULL, 'Y', NULL, 'vn44178             ', {ts '2015-03-19 09:29:30.434000'}, {ts '2015-03-19 09:29:47.948000'}, 'vn44178');
INSERT INTO "DSV_ASSRT"."RULE_DEFNS" ("RULE_ID", "SEQ_NBR", "LVL_ID", "LOGIC_OPRTR_ID", "RULE_CAT_1_ID", "MATH_OPRTR_ID", "RULE_CAT_2_ID", "VAL", "VAL_TYP_CD", "PCT_SW", "RULE_CAT_3_ID", "ACTV_SW", "ACT_TYP_CD", "CRE8_UID", "CRE8_TS", "LST_UPDT_TS", "LST_UPDT_UID") VALUES ('15', '2', '41', '1', '1', '2', '2', '3', NULL, 'Y', NULL, 'Y', NULL, 'vn44178             ', {ts '2015-03-19 09:18:09.693000'}, {ts '2015-03-19 11:26:08.665000'}, 'vn44178');
INSERT INTO "DSV_ASSRT"."RULE_DEFNS" ("RULE_ID", "SEQ_NBR", "LVL_ID", "LOGIC_OPRTR_ID", "RULE_CAT_1_ID", "MATH_OPRTR_ID", "RULE_CAT_2_ID", "VAL", "VAL_TYP_CD", "PCT_SW", "RULE_CAT_3_ID", "ACTV_SW", "ACT_TYP_CD", "CRE8_UID", "CRE8_TS", "LST_UPDT_TS", "LST_UPDT_UID") VALUES ('15', '1', '41', '1', '1', '1', '2', '2', NULL, 'N', NULL, 'Y', NULL, 'vn44178             ', {ts '2015-03-19 09:18:09.693000'}, {ts '2015-03-19 11:26:08.665000'}, 'vn44178');
INSERT INTO "DSV_ASSRT"."RULE_DEFNS" ("RULE_ID", "SEQ_NBR", "LVL_ID", "LOGIC_OPRTR_ID", "RULE_CAT_1_ID", "MATH_OPRTR_ID", "RULE_CAT_2_ID", "VAL", "VAL_TYP_CD", "PCT_SW", "RULE_CAT_3_ID", "ACTV_SW", "ACT_TYP_CD", "CRE8_UID", "CRE8_TS", "LST_UPDT_TS", "LST_UPDT_UID") VALUES ('15', '2', '52', '1', '1', '2', '2', '3', NULL, 'Y', NULL, 'Y', NULL, 'vn44178             ', {ts '2015-03-19 11:14:52.850000'}, {ts '2015-03-19 11:14:52.850000'}, 'vn44178');
INSERT INTO "DSV_ASSRT"."RULE_DEFNS" ("RULE_ID", "SEQ_NBR", "LVL_ID", "LOGIC_OPRTR_ID", "RULE_CAT_1_ID", "MATH_OPRTR_ID", "RULE_CAT_2_ID", "VAL", "VAL_TYP_CD", "PCT_SW", "RULE_CAT_3_ID", "ACTV_SW", "ACT_TYP_CD", "CRE8_UID", "CRE8_TS", "LST_UPDT_TS", "LST_UPDT_UID") VALUES ('15', '1', '52', '1', '1', '1', '2', '1', NULL, 'N', NULL, 'Y', NULL, 'vn44178             ', {ts '2015-03-19 11:14:52.850000'}, {ts '2015-03-19 11:14:52.850000'}, 'vn44178');
INSERT INTO "DSV_ASSRT"."RULE_DEFNS" ("RULE_ID", "SEQ_NBR", "LVL_ID", "LOGIC_OPRTR_ID", "RULE_CAT_1_ID", "MATH_OPRTR_ID", "RULE_CAT_2_ID", "VAL", "VAL_TYP_CD", "PCT_SW", "RULE_CAT_3_ID", "ACTV_SW", "ACT_TYP_CD", "CRE8_UID", "CRE8_TS", "LST_UPDT_TS", "LST_UPDT_UID") VALUES ('15', '2', '51', '1', '1', '2', '2', '3', NULL, 'Y', NULL, 'Y', NULL, 'vn44178             ', {ts '2015-03-19 11:14:39.287000'}, {ts '2015-03-19 11:14:39.287000'}, 'vn44178');
INSERT INTO "DSV_ASSRT"."RULE_DEFNS" ("RULE_ID", "SEQ_NBR", "LVL_ID", "LOGIC_OPRTR_ID", "RULE_CAT_1_ID", "MATH_OPRTR_ID", "RULE_CAT_2_ID", "VAL", "VAL_TYP_CD", "PCT_SW", "RULE_CAT_3_ID", "ACTV_SW", "ACT_TYP_CD", "CRE8_UID", "CRE8_TS", "LST_UPDT_TS", "LST_UPDT_UID") VALUES ('15', '1', '51', '1', '1', '1', '2', '1', NULL, 'N', NULL, 'Y', NULL, 'vn44178             ', {ts '2015-03-19 11:14:39.287000'}, {ts '2015-03-19 11:14:39.287000'}, 'vn44178');
INSERT INTO "DSV_ASSRT"."RULE_DEFNS" ("RULE_ID", "SEQ_NBR", "LVL_ID", "LOGIC_OPRTR_ID", "RULE_CAT_1_ID", "MATH_OPRTR_ID", "RULE_CAT_2_ID", "VAL", "VAL_TYP_CD", "PCT_SW", "RULE_CAT_3_ID", "ACTV_SW", "ACT_TYP_CD", "CRE8_UID", "CRE8_TS", "LST_UPDT_TS", "LST_UPDT_UID") VALUES ('15', '2', '13', '1', '1', '2', '2', '8', NULL, 'Y', NULL, 'Y', NULL, 'vn44178             ', {ts '2015-03-18 10:22:38.265000'}, {ts '2015-03-18 10:24:19.548000'}, 'vn44178');
INSERT INTO "DSV_ASSRT"."RULE_DEFNS" ("RULE_ID", "SEQ_NBR", "LVL_ID", "LOGIC_OPRTR_ID", "RULE_CAT_1_ID", "MATH_OPRTR_ID", "RULE_CAT_2_ID", "VAL", "VAL_TYP_CD", "PCT_SW", "RULE_CAT_3_ID", "ACTV_SW", "ACT_TYP_CD", "CRE8_UID", "CRE8_TS", "LST_UPDT_TS", "LST_UPDT_UID") VALUES ('15', '1', '13', '1', '1', '1', '2', '7', NULL, 'N', NULL, 'Y', NULL, 'vn44178             ', {ts '2015-03-18 10:22:38.265000'}, {ts '2015-03-18 10:24:19.548000'}, 'vn44178');
INSERT INTO "DSV_ASSRT"."RULE_DEFNS" ("RULE_ID", "SEQ_NBR", "LVL_ID", "LOGIC_OPRTR_ID", "RULE_CAT_1_ID", "MATH_OPRTR_ID", "RULE_CAT_2_ID", "VAL", "VAL_TYP_CD", "PCT_SW", "RULE_CAT_3_ID", "ACTV_SW", "ACT_TYP_CD", "CRE8_UID", "CRE8_TS", "LST_UPDT_TS", "LST_UPDT_UID") VALUES ('15', '2', '9', '1', '1', '2', '2', '3', NULL, 'Y', NULL, 'Y', NULL, 'vn44178             ', {ts '2015-03-18 09:41:44.146000'}, {ts '2015-03-18 17:15:17.899000'}, 'vn44178');
INSERT INTO "DSV_ASSRT"."RULE_DEFNS" ("RULE_ID", "SEQ_NBR", "LVL_ID", "LOGIC_OPRTR_ID", "RULE_CAT_1_ID", "MATH_OPRTR_ID", "RULE_CAT_2_ID", "VAL", "VAL_TYP_CD", "PCT_SW", "RULE_CAT_3_ID", "ACTV_SW", "ACT_TYP_CD", "CRE8_UID", "CRE8_TS", "LST_UPDT_TS", "LST_UPDT_UID") VALUES ('15', '1', '9', '1', '1', '1', '2', '2', NULL, 'N', NULL, 'Y', NULL, 'vn44178             ', {ts '2015-03-18 09:41:44.146000'}, {ts '2015-03-18 17:15:17.899000'}, 'vn44178');
INSERT INTO "DSV_ASSRT"."RULE_DEFNS" ("RULE_ID", "SEQ_NBR", "LVL_ID", "LOGIC_OPRTR_ID", "RULE_CAT_1_ID", "MATH_OPRTR_ID", "RULE_CAT_2_ID", "VAL", "VAL_TYP_CD", "PCT_SW", "RULE_CAT_3_ID", "ACTV_SW", "ACT_TYP_CD", "CRE8_UID", "CRE8_TS", "LST_UPDT_TS", "LST_UPDT_UID") VALUES ('15', '2', '19', '1', '1', '2', '2', '2', NULL, 'Y', NULL, 'Y', NULL, 'vn44178             ', {ts '2015-03-18 15:07:29.636000'}, {ts '2015-03-18 15:07:29.636000'}, 'vn44178');
INSERT INTO "DSV_ASSRT"."RULE_DEFNS" ("RULE_ID", "SEQ_NBR", "LVL_ID", "LOGIC_OPRTR_ID", "RULE_CAT_1_ID", "MATH_OPRTR_ID", "RULE_CAT_2_ID", "VAL", "VAL_TYP_CD", "PCT_SW", "RULE_CAT_3_ID", "ACTV_SW", "ACT_TYP_CD", "CRE8_UID", "CRE8_TS", "LST_UPDT_TS", "LST_UPDT_UID") VALUES ('15', '1', '19', '1', '1', '1', '2', '1', NULL, 'N', NULL, 'Y', NULL, 'vn44178             ', {ts '2015-03-18 15:07:29.636000'}, {ts '2015-03-18 15:07:29.636000'}, 'vn44178');
INSERT INTO "DSV_ASSRT"."RULE_DEFNS" ("RULE_ID", "SEQ_NBR", "LVL_ID", "LOGIC_OPRTR_ID", "RULE_CAT_1_ID", "MATH_OPRTR_ID", "RULE_CAT_2_ID", "VAL", "VAL_TYP_CD", "PCT_SW", "RULE_CAT_3_ID", "ACTV_SW", "ACT_TYP_CD", "CRE8_UID", "CRE8_TS", "LST_UPDT_TS", "LST_UPDT_UID") VALUES ('15', '2', '17', '1', '1', '2', '2', '9', NULL, 'Y', NULL, 'Y', NULL, 'vn44178             ', {ts '2015-03-18 14:06:01.251000'}, {ts '2015-03-18 16:54:56.912000'}, 'vn44178');
INSERT INTO "DSV_ASSRT"."RULE_DEFNS" ("RULE_ID", "SEQ_NBR", "LVL_ID", "LOGIC_OPRTR_ID", "RULE_CAT_1_ID", "MATH_OPRTR_ID", "RULE_CAT_2_ID", "VAL", "VAL_TYP_CD", "PCT_SW", "RULE_CAT_3_ID", "ACTV_SW", "ACT_TYP_CD", "CRE8_UID", "CRE8_TS", "LST_UPDT_TS", "LST_UPDT_UID") VALUES ('15', '1', '17', '1', '1', '1', '2', '6', NULL, 'N', NULL, 'Y', NULL, 'vn44178             ', {ts '2015-03-18 14:06:01.251000'}, {ts '2015-03-18 16:54:56.912000'}, 'vn44178');
INSERT INTO "DSV_ASSRT"."RULE_DEFNS" ("RULE_ID", "SEQ_NBR", "LVL_ID", "LOGIC_OPRTR_ID", "RULE_CAT_1_ID", "MATH_OPRTR_ID", "RULE_CAT_2_ID", "VAL", "VAL_TYP_CD", "PCT_SW", "RULE_CAT_3_ID", "ACTV_SW", "ACT_TYP_CD", "CRE8_UID", "CRE8_TS", "LST_UPDT_TS", "LST_UPDT_UID") VALUES ('15', '2', '14', '1', '1', '2', '2', '4', NULL, 'Y', NULL, 'Y', NULL, 'vn44178             ', {ts '2015-03-18 10:44:56.671000'}, {ts '2015-03-18 10:44:56.671000'}, 'vn44178');
INSERT INTO "DSV_ASSRT"."RULE_DEFNS" ("RULE_ID", "SEQ_NBR", "LVL_ID", "LOGIC_OPRTR_ID", "RULE_CAT_1_ID", "MATH_OPRTR_ID", "RULE_CAT_2_ID", "VAL", "VAL_TYP_CD", "PCT_SW", "RULE_CAT_3_ID", "ACTV_SW", "ACT_TYP_CD", "CRE8_UID", "CRE8_TS", "LST_UPDT_TS", "LST_UPDT_UID") VALUES ('14', '1', '14', '1', '1', '5', '2', '5', NULL, 'N', NULL, 'Y', NULL, 'vn44178             ', {ts '2015-03-18 10:44:56.671000'}, {ts '2015-03-18 10:44:56.671000'}, 'vn44178');
INSERT INTO "DSV_ASSRT"."RULE_DEFNS" ("RULE_ID", "SEQ_NBR", "LVL_ID", "LOGIC_OPRTR_ID", "RULE_CAT_1_ID", "MATH_OPRTR_ID", "RULE_CAT_2_ID", "VAL", "VAL_TYP_CD", "PCT_SW", "RULE_CAT_3_ID", "ACTV_SW", "ACT_TYP_CD", "CRE8_UID", "CRE8_TS", "LST_UPDT_TS", "LST_UPDT_UID") VALUES ('14', '1', '36', '1', '1', '5', '2', '90', NULL, 'N', NULL, 'Y', NULL, 'vn44178             ', {ts '2015-03-18 17:25:57.694000'}, {ts '2015-03-19 09:32:02.239000'}, 'vn44178');
INSERT INTO "DSV_ASSRT"."RULE_DEFNS" ("RULE_ID", "SEQ_NBR", "LVL_ID", "LOGIC_OPRTR_ID", "RULE_CAT_1_ID", "MATH_OPRTR_ID", "RULE_CAT_2_ID", "VAL", "VAL_TYP_CD", "PCT_SW", "RULE_CAT_3_ID", "ACTV_SW", "ACT_TYP_CD", "CRE8_UID", "CRE8_TS", "LST_UPDT_TS", "LST_UPDT_UID") VALUES ('14', '1', '35', '1', '1', '5', '2', '50', NULL, 'N', NULL, 'Y', NULL, 'vn44178             ', {ts '2015-03-18 17:23:13.054000'}, {ts '2015-03-18 17:23:13.054000'}, 'vn44178');
INSERT INTO "DSV_ASSRT"."RULE_DEFNS" ("RULE_ID", "SEQ_NBR", "LVL_ID", "LOGIC_OPRTR_ID", "RULE_CAT_1_ID", "MATH_OPRTR_ID", "RULE_CAT_2_ID", "VAL", "VAL_TYP_CD", "PCT_SW", "RULE_CAT_3_ID", "ACTV_SW", "ACT_TYP_CD", "CRE8_UID", "CRE8_TS", "LST_UPDT_TS", "LST_UPDT_UID") VALUES ('14', '1', '43', '1', '1', '5', '2', '5', NULL, 'N', NULL, 'Y', NULL, 'vn44178             ', {ts '2015-03-19 09:29:30.434000'}, {ts '2015-03-19 09:29:47.948000'}, 'vn44178');
INSERT INTO "DSV_ASSRT"."RULE_DEFNS" ("RULE_ID", "SEQ_NBR", "LVL_ID", "LOGIC_OPRTR_ID", "RULE_CAT_1_ID", "MATH_OPRTR_ID", "RULE_CAT_2_ID", "VAL", "VAL_TYP_CD", "PCT_SW", "RULE_CAT_3_ID", "ACTV_SW", "ACT_TYP_CD", "CRE8_UID", "CRE8_TS", "LST_UPDT_TS", "LST_UPDT_UID") VALUES ('14', '1', '41', '1', '1', '5', '2', '50', NULL, 'N', NULL, 'Y', NULL, 'vn44178             ', {ts '2015-03-19 09:18:09.693000'}, {ts '2015-03-19 11:26:08.665000'}, 'vn44178');
INSERT INTO "DSV_ASSRT"."RULE_DEFNS" ("RULE_ID", "SEQ_NBR", "LVL_ID", "LOGIC_OPRTR_ID", "RULE_CAT_1_ID", "MATH_OPRTR_ID", "RULE_CAT_2_ID", "VAL", "VAL_TYP_CD", "PCT_SW", "RULE_CAT_3_ID", "ACTV_SW", "ACT_TYP_CD", "CRE8_UID", "CRE8_TS", "LST_UPDT_TS", "LST_UPDT_UID") VALUES ('14', '1', '52', '1', '1', '5', '2', '60', NULL, 'N', NULL, 'Y', NULL, 'vn44178             ', {ts '2015-03-19 11:14:52.850000'}, {ts '2015-03-19 11:14:52.850000'}, 'vn44178');
INSERT INTO "DSV_ASSRT"."RULE_DEFNS" ("RULE_ID", "SEQ_NBR", "LVL_ID", "LOGIC_OPRTR_ID", "RULE_CAT_1_ID", "MATH_OPRTR_ID", "RULE_CAT_2_ID", "VAL", "VAL_TYP_CD", "PCT_SW", "RULE_CAT_3_ID", "ACTV_SW", "ACT_TYP_CD", "CRE8_UID", "CRE8_TS", "LST_UPDT_TS", "LST_UPDT_UID") VALUES ('14', '1', '51', '1', '1', '5', '2', '55', NULL, 'N', NULL, 'Y', NULL, 'vn44178             ', {ts '2015-03-19 11:14:39.287000'}, {ts '2015-03-19 11:14:39.287000'}, 'vn44178');
INSERT INTO "DSV_ASSRT"."RULE_DEFNS" ("RULE_ID", "SEQ_NBR", "LVL_ID", "LOGIC_OPRTR_ID", "RULE_CAT_1_ID", "MATH_OPRTR_ID", "RULE_CAT_2_ID", "VAL", "VAL_TYP_CD", "PCT_SW", "RULE_CAT_3_ID", "ACTV_SW", "ACT_TYP_CD", "CRE8_UID", "CRE8_TS", "LST_UPDT_TS", "LST_UPDT_UID") VALUES ('14', '1', '13', '1', '1', '5', '2', '6', NULL, 'N', NULL, 'Y', NULL, 'vn44178             ', {ts '2015-03-18 10:22:38.265000'}, {ts '2015-03-18 10:24:19.548000'}, 'vn44178');
INSERT INTO "DSV_ASSRT"."RULE_DEFNS" ("RULE_ID", "SEQ_NBR", "LVL_ID", "LOGIC_OPRTR_ID", "RULE_CAT_1_ID", "MATH_OPRTR_ID", "RULE_CAT_2_ID", "VAL", "VAL_TYP_CD", "PCT_SW", "RULE_CAT_3_ID", "ACTV_SW", "ACT_TYP_CD", "CRE8_UID", "CRE8_TS", "LST_UPDT_TS", "LST_UPDT_UID") VALUES ('14', '1', '9', '1', '1', '5', '2', '4', NULL, 'N', NULL, 'Y', NULL, 'vn44178             ', {ts '2015-03-18 09:41:44.146000'}, {ts '2015-03-18 17:15:17.899000'}, 'vn44178');
INSERT INTO "DSV_ASSRT"."RULE_DEFNS" ("RULE_ID", "SEQ_NBR", "LVL_ID", "LOGIC_OPRTR_ID", "RULE_CAT_1_ID", "MATH_OPRTR_ID", "RULE_CAT_2_ID", "VAL", "VAL_TYP_CD", "PCT_SW", "RULE_CAT_3_ID", "ACTV_SW", "ACT_TYP_CD", "CRE8_UID", "CRE8_TS", "LST_UPDT_TS", "LST_UPDT_UID") VALUES ('14', '1', '19', '1', '1', '5', '2', '55', NULL, 'N', NULL, 'Y', NULL, 'vn44178             ', {ts '2015-03-18 15:07:29.636000'}, {ts '2015-03-18 15:07:29.636000'}, 'vn44178');
INSERT INTO "DSV_ASSRT"."RULE_DEFNS" ("RULE_ID", "SEQ_NBR", "LVL_ID", "LOGIC_OPRTR_ID", "RULE_CAT_1_ID", "MATH_OPRTR_ID", "RULE_CAT_2_ID", "VAL", "VAL_TYP_CD", "PCT_SW", "RULE_CAT_3_ID", "ACTV_SW", "ACT_TYP_CD", "CRE8_UID", "CRE8_TS", "LST_UPDT_TS", "LST_UPDT_UID") VALUES ('14', '1', '17', '1', '1', '5', '2', '50', NULL, 'N', NULL, 'Y', NULL, 'vn44178             ', {ts '2015-03-18 14:06:01.251000'}, {ts '2015-03-18 16:54:56.912000'}, 'vn44178');
INSERT INTO "DSV_ASSRT"."RULE_DEFNS" ("RULE_ID", "SEQ_NBR", "LVL_ID", "LOGIC_OPRTR_ID", "RULE_CAT_1_ID", "MATH_OPRTR_ID", "RULE_CAT_2_ID", "VAL", "VAL_TYP_CD", "PCT_SW", "RULE_CAT_3_ID", "ACTV_SW", "ACT_TYP_CD", "CRE8_UID", "CRE8_TS", "LST_UPDT_TS", "LST_UPDT_UID") VALUES ('13', '1', '14', '1', '1', '5', '2', '6', NULL, 'N', NULL, 'Y', 'Mod  ', 'vn44178             ', {ts '2015-03-18 10:44:56.671000'}, {ts '2015-03-18 10:44:56.671000'}, 'vn44178');
INSERT INTO "DSV_ASSRT"."RULE_DEFNS" ("RULE_ID", "SEQ_NBR", "LVL_ID", "LOGIC_OPRTR_ID", "RULE_CAT_1_ID", "MATH_OPRTR_ID", "RULE_CAT_2_ID", "VAL", "VAL_TYP_CD", "PCT_SW", "RULE_CAT_3_ID", "ACTV_SW", "ACT_TYP_CD", "CRE8_UID", "CRE8_TS", "LST_UPDT_TS", "LST_UPDT_UID") VALUES ('13', '1', '36', '1', '1', '5', '2', '4', NULL, 'N', NULL, 'Y', 'Averg', 'vn44178             ', {ts '2015-03-18 17:25:57.694000'}, {ts '2015-03-19 09:32:02.239000'}, 'vn44178');
INSERT INTO "DSV_ASSRT"."RULE_DEFNS" ("RULE_ID", "SEQ_NBR", "LVL_ID", "LOGIC_OPRTR_ID", "RULE_CAT_1_ID", "MATH_OPRTR_ID", "RULE_CAT_2_ID", "VAL", "VAL_TYP_CD", "PCT_SW", "RULE_CAT_3_ID", "ACTV_SW", "ACT_TYP_CD", "CRE8_UID", "CRE8_TS", "LST_UPDT_TS", "LST_UPDT_UID") VALUES ('13', '1', '35', '1', '1', '5', '2', '6', NULL, 'N', NULL, 'Y', 'High ', 'vn44178             ', {ts '2015-03-18 17:23:13.054000'}, {ts '2015-03-18 17:23:13.054000'}, 'vn44178');
INSERT INTO "DSV_ASSRT"."RULE_DEFNS" ("RULE_ID", "SEQ_NBR", "LVL_ID", "LOGIC_OPRTR_ID", "RULE_CAT_1_ID", "MATH_OPRTR_ID", "RULE_CAT_2_ID", "VAL", "VAL_TYP_CD", "PCT_SW", "RULE_CAT_3_ID", "ACTV_SW", "ACT_TYP_CD", "CRE8_UID", "CRE8_TS", "LST_UPDT_TS", "LST_UPDT_UID") VALUES ('13', '1', '43', '1', '1', '5', '2', '6', NULL, 'N', NULL, 'Y', 'Low  ', 'vn44178             ', {ts '2015-03-19 09:29:30.434000'}, {ts '2015-03-19 09:29:47.948000'}, 'vn44178');
INSERT INTO "DSV_ASSRT"."RULE_DEFNS" ("RULE_ID", "SEQ_NBR", "LVL_ID", "LOGIC_OPRTR_ID", "RULE_CAT_1_ID", "MATH_OPRTR_ID", "RULE_CAT_2_ID", "VAL", "VAL_TYP_CD", "PCT_SW", "RULE_CAT_3_ID", "ACTV_SW", "ACT_TYP_CD", "CRE8_UID", "CRE8_TS", "LST_UPDT_TS", "LST_UPDT_UID") VALUES ('13', '1', '41', '1', '1', '5', '2', '7', NULL, 'N', NULL, 'Y', 'Averg', 'vn44178             ', {ts '2015-03-19 09:18:09.693000'}, {ts '2015-03-19 11:26:08.665000'}, 'vn44178');
INSERT INTO "DSV_ASSRT"."RULE_DEFNS" ("RULE_ID", "SEQ_NBR", "LVL_ID", "LOGIC_OPRTR_ID", "RULE_CAT_1_ID", "MATH_OPRTR_ID", "RULE_CAT_2_ID", "VAL", "VAL_TYP_CD", "PCT_SW", "RULE_CAT_3_ID", "ACTV_SW", "ACT_TYP_CD", "CRE8_UID", "CRE8_TS", "LST_UPDT_TS", "LST_UPDT_UID") VALUES ('13', '1', '52', '1', '1', '5', '2', '6', NULL, 'N', NULL, 'Y', 'Mod  ', 'vn44178             ', {ts '2015-03-19 11:14:52.850000'}, {ts '2015-03-19 11:14:52.850000'}, 'vn44178');
INSERT INTO "DSV_ASSRT"."RULE_DEFNS" ("RULE_ID", "SEQ_NBR", "LVL_ID", "LOGIC_OPRTR_ID", "RULE_CAT_1_ID", "MATH_OPRTR_ID", "RULE_CAT_2_ID", "VAL", "VAL_TYP_CD", "PCT_SW", "RULE_CAT_3_ID", "ACTV_SW", "ACT_TYP_CD", "CRE8_UID", "CRE8_TS", "LST_UPDT_TS", "LST_UPDT_UID") VALUES ('13', '1', '51', '1', '1', '5', '2', '6', NULL, 'N', NULL, 'Y', 'Mod  ', 'vn44178             ', {ts '2015-03-19 11:14:39.287000'}, {ts '2015-03-19 11:14:39.287000'}, 'vn44178');
INSERT INTO "DSV_ASSRT"."RULE_DEFNS" ("RULE_ID", "SEQ_NBR", "LVL_ID", "LOGIC_OPRTR_ID", "RULE_CAT_1_ID", "MATH_OPRTR_ID", "RULE_CAT_2_ID", "VAL", "VAL_TYP_CD", "PCT_SW", "RULE_CAT_3_ID", "ACTV_SW", "ACT_TYP_CD", "CRE8_UID", "CRE8_TS", "LST_UPDT_TS", "LST_UPDT_UID") VALUES ('13', '1', '13', '1', '1', '5', '2', '6', NULL, 'N', NULL, 'Y', 'Averg', 'vn44178             ', {ts '2015-03-18 10:22:38.265000'}, {ts '2015-03-18 10:24:19.548000'}, 'vn44178');
INSERT INTO "DSV_ASSRT"."RULE_DEFNS" ("RULE_ID", "SEQ_NBR", "LVL_ID", "LOGIC_OPRTR_ID", "RULE_CAT_1_ID", "MATH_OPRTR_ID", "RULE_CAT_2_ID", "VAL", "VAL_TYP_CD", "PCT_SW", "RULE_CAT_3_ID", "ACTV_SW", "ACT_TYP_CD", "CRE8_UID", "CRE8_TS", "LST_UPDT_TS", "LST_UPDT_UID") VALUES ('13', '1', '9', '1', '1', '5', '2', '6', NULL, 'N', NULL, 'Y', 'Low  ', 'vn44178             ', {ts '2015-03-18 09:41:44.146000'}, {ts '2015-03-18 17:15:17.899000'}, 'vn44178');
INSERT INTO "DSV_ASSRT"."RULE_DEFNS" ("RULE_ID", "SEQ_NBR", "LVL_ID", "LOGIC_OPRTR_ID", "RULE_CAT_1_ID", "MATH_OPRTR_ID", "RULE_CAT_2_ID", "VAL", "VAL_TYP_CD", "PCT_SW", "RULE_CAT_3_ID", "ACTV_SW", "ACT_TYP_CD", "CRE8_UID", "CRE8_TS", "LST_UPDT_TS", "LST_UPDT_UID") VALUES ('13', '1', '19', '1', '1', '5', '2', '5', NULL, 'N', NULL, 'Y', 'Averg', 'vn44178             ', {ts '2015-03-18 15:07:29.636000'}, {ts '2015-03-18 15:07:29.636000'}, 'vn44178');
INSERT INTO "DSV_ASSRT"."RULE_DEFNS" ("RULE_ID", "SEQ_NBR", "LVL_ID", "LOGIC_OPRTR_ID", "RULE_CAT_1_ID", "MATH_OPRTR_ID", "RULE_CAT_2_ID", "VAL", "VAL_TYP_CD", "PCT_SW", "RULE_CAT_3_ID", "ACTV_SW", "ACT_TYP_CD", "CRE8_UID", "CRE8_TS", "LST_UPDT_TS", "LST_UPDT_UID") VALUES ('13', '1', '17', '1', '1', '5', '2', '6', NULL, 'N', NULL, 'Y', 'Averg', 'vn44178             ', {ts '2015-03-18 14:06:01.251000'}, {ts '2015-03-18 16:54:56.912000'}, 'vn44178');
INSERT INTO "DSV_ASSRT"."RULE_DEFNS" ("RULE_ID", "SEQ_NBR", "LVL_ID", "LOGIC_OPRTR_ID", "RULE_CAT_1_ID", "MATH_OPRTR_ID", "RULE_CAT_2_ID", "VAL", "VAL_TYP_CD", "PCT_SW", "RULE_CAT_3_ID", "ACTV_SW", "ACT_TYP_CD", "CRE8_UID", "CRE8_TS", "LST_UPDT_TS", "LST_UPDT_UID") VALUES ('12', '1', '14', '1', '1', '1', '2', '5', NULL, 'N', NULL, 'Y', NULL, 'vn44178             ', {ts '2015-03-18 10:44:56.671000'}, {ts '2015-03-18 10:44:56.671000'}, 'vn44178');
INSERT INTO "DSV_ASSRT"."RULE_DEFNS" ("RULE_ID", "SEQ_NBR", "LVL_ID", "LOGIC_OPRTR_ID", "RULE_CAT_1_ID", "MATH_OPRTR_ID", "RULE_CAT_2_ID", "VAL", "VAL_TYP_CD", "PCT_SW", "RULE_CAT_3_ID", "ACTV_SW", "ACT_TYP_CD", "CRE8_UID", "CRE8_TS", "LST_UPDT_TS", "LST_UPDT_UID") VALUES ('12', '2', '36', '1', '1', '2', '2', '3', NULL, 'Y', NULL, 'Y', NULL, 'vn44178             ', {ts '2015-03-18 17:25:57.694000'}, {ts '2015-03-19 09:32:02.239000'}, 'vn44178');
INSERT INTO "DSV_ASSRT"."RULE_DEFNS" ("RULE_ID", "SEQ_NBR", "LVL_ID", "LOGIC_OPRTR_ID", "RULE_CAT_1_ID", "MATH_OPRTR_ID", "RULE_CAT_2_ID", "VAL", "VAL_TYP_CD", "PCT_SW", "RULE_CAT_3_ID", "ACTV_SW", "ACT_TYP_CD", "CRE8_UID", "CRE8_TS", "LST_UPDT_TS", "LST_UPDT_UID") VALUES ('12', '1', '36', '1', '1', '1', '2', '2', NULL, 'N', NULL, 'Y', NULL, 'vn44178             ', {ts '2015-03-18 17:25:57.694000'}, {ts '2015-03-19 09:32:02.239000'}, 'vn44178');
INSERT INTO "DSV_ASSRT"."RULE_DEFNS" ("RULE_ID", "SEQ_NBR", "LVL_ID", "LOGIC_OPRTR_ID", "RULE_CAT_1_ID", "MATH_OPRTR_ID", "RULE_CAT_2_ID", "VAL", "VAL_TYP_CD", "PCT_SW", "RULE_CAT_3_ID", "ACTV_SW", "ACT_TYP_CD", "CRE8_UID", "CRE8_TS", "LST_UPDT_TS", "LST_UPDT_UID") VALUES ('12', '2', '35', '1', '1', '2', '2', '3', NULL, 'Y', NULL, 'Y', NULL, 'vn44178             ', {ts '2015-03-18 17:23:13.054000'}, {ts '2015-03-18 17:23:13.054000'}, 'vn44178');
INSERT INTO "DSV_ASSRT"."RULE_DEFNS" ("RULE_ID", "SEQ_NBR", "LVL_ID", "LOGIC_OPRTR_ID", "RULE_CAT_1_ID", "MATH_OPRTR_ID", "RULE_CAT_2_ID", "VAL", "VAL_TYP_CD", "PCT_SW", "RULE_CAT_3_ID", "ACTV_SW", "ACT_TYP_CD", "CRE8_UID", "CRE8_TS", "LST_UPDT_TS", "LST_UPDT_UID") VALUES ('12', '1', '35', '1', '1', '1', '2', '2', NULL, 'N', NULL, 'Y', NULL, 'vn44178             ', {ts '2015-03-18 17:23:13.054000'}, {ts '2015-03-18 17:23:13.054000'}, 'vn44178');
INSERT INTO "DSV_ASSRT"."RULE_DEFNS" ("RULE_ID", "SEQ_NBR", "LVL_ID", "LOGIC_OPRTR_ID", "RULE_CAT_1_ID", "MATH_OPRTR_ID", "RULE_CAT_2_ID", "VAL", "VAL_TYP_CD", "PCT_SW", "RULE_CAT_3_ID", "ACTV_SW", "ACT_TYP_CD", "CRE8_UID", "CRE8_TS", "LST_UPDT_TS", "LST_UPDT_UID") VALUES ('12', '2', '43', '1', '1', '2', '2', '4', NULL, 'Y', NULL, 'Y', NULL, 'vn44178             ', {ts '2015-03-19 09:29:30.434000'}, {ts '2015-03-19 09:29:47.948000'}, 'vn44178');
INSERT INTO "DSV_ASSRT"."RULE_DEFNS" ("RULE_ID", "SEQ_NBR", "LVL_ID", "LOGIC_OPRTR_ID", "RULE_CAT_1_ID", "MATH_OPRTR_ID", "RULE_CAT_2_ID", "VAL", "VAL_TYP_CD", "PCT_SW", "RULE_CAT_3_ID", "ACTV_SW", "ACT_TYP_CD", "CRE8_UID", "CRE8_TS", "LST_UPDT_TS", "LST_UPDT_UID") VALUES ('12', '1', '43', '1', '1', '1', '2', '3', NULL, 'N', NULL, 'Y', NULL, 'vn44178             ', {ts '2015-03-19 09:29:30.434000'}, {ts '2015-03-19 09:29:47.948000'}, 'vn44178');
INSERT INTO "DSV_ASSRT"."RULE_DEFNS" ("RULE_ID", "SEQ_NBR", "LVL_ID", "LOGIC_OPRTR_ID", "RULE_CAT_1_ID", "MATH_OPRTR_ID", "RULE_CAT_2_ID", "VAL", "VAL_TYP_CD", "PCT_SW", "RULE_CAT_3_ID", "ACTV_SW", "ACT_TYP_CD", "CRE8_UID", "CRE8_TS", "LST_UPDT_TS", "LST_UPDT_UID") VALUES ('12', '2', '41', '1', '1', '2', '2', '0', NULL, 'Y', NULL, 'Y', NULL, 'vn44178             ', {ts '2015-03-19 09:18:09.693000'}, {ts '2015-03-19 11:26:08.665000'}, 'vn44178');
INSERT INTO "DSV_ASSRT"."RULE_DEFNS" ("RULE_ID", "SEQ_NBR", "LVL_ID", "LOGIC_OPRTR_ID", "RULE_CAT_1_ID", "MATH_OPRTR_ID", "RULE_CAT_2_ID", "VAL", "VAL_TYP_CD", "PCT_SW", "RULE_CAT_3_ID", "ACTV_SW", "ACT_TYP_CD", "CRE8_UID", "CRE8_TS", "LST_UPDT_TS", "LST_UPDT_UID") VALUES ('12', '1', '41', '1', '1', '1', '2', '0', NULL, 'N', NULL, 'Y', NULL, 'vn44178             ', {ts '2015-03-19 09:18:09.693000'}, {ts '2015-03-19 11:26:08.665000'}, 'vn44178');
INSERT INTO "DSV_ASSRT"."RULE_DEFNS" ("RULE_ID", "SEQ_NBR", "LVL_ID", "LOGIC_OPRTR_ID", "RULE_CAT_1_ID", "MATH_OPRTR_ID", "RULE_CAT_2_ID", "VAL", "VAL_TYP_CD", "PCT_SW", "RULE_CAT_3_ID", "ACTV_SW", "ACT_TYP_CD", "CRE8_UID", "CRE8_TS", "LST_UPDT_TS", "LST_UPDT_UID") VALUES ('12', '2', '52', '1', '1', '2', '2', '3', NULL, 'Y', NULL, 'Y', NULL, 'vn44178             ', {ts '2015-03-19 11:14:52.850000'}, {ts '2015-03-19 11:14:52.850000'}, 'vn44178');
INSERT INTO "DSV_ASSRT"."RULE_DEFNS" ("RULE_ID", "SEQ_NBR", "LVL_ID", "LOGIC_OPRTR_ID", "RULE_CAT_1_ID", "MATH_OPRTR_ID", "RULE_CAT_2_ID", "VAL", "VAL_TYP_CD", "PCT_SW", "RULE_CAT_3_ID", "ACTV_SW", "ACT_TYP_CD", "CRE8_UID", "CRE8_TS", "LST_UPDT_TS", "LST_UPDT_UID") VALUES ('12', '1', '52', '1', '1', '1', '2', '2', NULL, 'N', NULL, 'Y', NULL, 'vn44178             ', {ts '2015-03-19 11:14:52.850000'}, {ts '2015-03-19 11:14:52.850000'}, 'vn44178');
INSERT INTO "DSV_ASSRT"."RULE_DEFNS" ("RULE_ID", "SEQ_NBR", "LVL_ID", "LOGIC_OPRTR_ID", "RULE_CAT_1_ID", "MATH_OPRTR_ID", "RULE_CAT_2_ID", "VAL", "VAL_TYP_CD", "PCT_SW", "RULE_CAT_3_ID", "ACTV_SW", "ACT_TYP_CD", "CRE8_UID", "CRE8_TS", "LST_UPDT_TS", "LST_UPDT_UID") VALUES ('12', '2', '51', '1', '1', '2', '2', '3', NULL, 'Y', NULL, 'Y', NULL, 'vn44178             ', {ts '2015-03-19 11:14:39.287000'}, {ts '2015-03-19 11:14:39.287000'}, 'vn44178');
INSERT INTO "DSV_ASSRT"."RULE_DEFNS" ("RULE_ID", "SEQ_NBR", "LVL_ID", "LOGIC_OPRTR_ID", "RULE_CAT_1_ID", "MATH_OPRTR_ID", "RULE_CAT_2_ID", "VAL", "VAL_TYP_CD", "PCT_SW", "RULE_CAT_3_ID", "ACTV_SW", "ACT_TYP_CD", "CRE8_UID", "CRE8_TS", "LST_UPDT_TS", "LST_UPDT_UID") VALUES ('12', '1', '51', '1', '1', '1', '2', '2', NULL, 'N', NULL, 'Y', NULL, 'vn44178             ', {ts '2015-03-19 11:14:39.287000'}, {ts '2015-03-19 11:14:39.287000'}, 'vn44178');
INSERT INTO "DSV_ASSRT"."RULE_DEFNS" ("RULE_ID", "SEQ_NBR", "LVL_ID", "LOGIC_OPRTR_ID", "RULE_CAT_1_ID", "MATH_OPRTR_ID", "RULE_CAT_2_ID", "VAL", "VAL_TYP_CD", "PCT_SW", "RULE_CAT_3_ID", "ACTV_SW", "ACT_TYP_CD", "CRE8_UID", "CRE8_TS", "LST_UPDT_TS", "LST_UPDT_UID") VALUES ('12', '2', '13', '1', '1', '2', '2', '5', NULL, 'Y', NULL, 'Y', NULL, 'vn44178             ', {ts '2015-03-18 10:22:38.265000'}, {ts '2015-03-18 10:24:19.548000'}, 'vn44178');
INSERT INTO "DSV_ASSRT"."RULE_DEFNS" ("RULE_ID", "SEQ_NBR", "LVL_ID", "LOGIC_OPRTR_ID", "RULE_CAT_1_ID", "MATH_OPRTR_ID", "RULE_CAT_2_ID", "VAL", "VAL_TYP_CD", "PCT_SW", "RULE_CAT_3_ID", "ACTV_SW", "ACT_TYP_CD", "CRE8_UID", "CRE8_TS", "LST_UPDT_TS", "LST_UPDT_UID") VALUES ('12', '1', '13', '1', '1', '1', '2', '4', NULL, 'N', NULL, 'Y', NULL, 'vn44178             ', {ts '2015-03-18 10:22:38.265000'}, {ts '2015-03-18 10:24:19.548000'}, 'vn44178');
INSERT INTO "DSV_ASSRT"."RULE_DEFNS" ("RULE_ID", "SEQ_NBR", "LVL_ID", "LOGIC_OPRTR_ID", "RULE_CAT_1_ID", "MATH_OPRTR_ID", "RULE_CAT_2_ID", "VAL", "VAL_TYP_CD", "PCT_SW", "RULE_CAT_3_ID", "ACTV_SW", "ACT_TYP_CD", "CRE8_UID", "CRE8_TS", "LST_UPDT_TS", "LST_UPDT_UID") VALUES ('12', '2', '9', '1', '1', '2', '2', '4', NULL, 'Y', NULL, 'Y', NULL, 'vn44178             ', {ts '2015-03-18 09:41:44.146000'}, {ts '2015-03-18 17:15:17.899000'}, 'vn44178');
INSERT INTO "DSV_ASSRT"."RULE_DEFNS" ("RULE_ID", "SEQ_NBR", "LVL_ID", "LOGIC_OPRTR_ID", "RULE_CAT_1_ID", "MATH_OPRTR_ID", "RULE_CAT_2_ID", "VAL", "VAL_TYP_CD", "PCT_SW", "RULE_CAT_3_ID", "ACTV_SW", "ACT_TYP_CD", "CRE8_UID", "CRE8_TS", "LST_UPDT_TS", "LST_UPDT_UID") VALUES ('12', '1', '9', '1', '1', '1', '2', '3', NULL, 'N', NULL, 'Y', NULL, 'vn44178             ', {ts '2015-03-18 09:41:44.146000'}, {ts '2015-03-18 17:15:17.899000'}, 'vn44178');
INSERT INTO "DSV_ASSRT"."RULE_DEFNS" ("RULE_ID", "SEQ_NBR", "LVL_ID", "LOGIC_OPRTR_ID", "RULE_CAT_1_ID", "MATH_OPRTR_ID", "RULE_CAT_2_ID", "VAL", "VAL_TYP_CD", "PCT_SW", "RULE_CAT_3_ID", "ACTV_SW", "ACT_TYP_CD", "CRE8_UID", "CRE8_TS", "LST_UPDT_TS", "LST_UPDT_UID") VALUES ('12', '2', '19', '1', '1', '2', '2', '3', NULL, 'Y', NULL, 'Y', NULL, 'vn44178             ', {ts '2015-03-18 15:07:29.636000'}, {ts '2015-03-18 15:07:29.636000'}, 'vn44178');
INSERT INTO "DSV_ASSRT"."RULE_DEFNS" ("RULE_ID", "SEQ_NBR", "LVL_ID", "LOGIC_OPRTR_ID", "RULE_CAT_1_ID", "MATH_OPRTR_ID", "RULE_CAT_2_ID", "VAL", "VAL_TYP_CD", "PCT_SW", "RULE_CAT_3_ID", "ACTV_SW", "ACT_TYP_CD", "CRE8_UID", "CRE8_TS", "LST_UPDT_TS", "LST_UPDT_UID") VALUES ('12', '1', '19', '1', '1', '1', '2', '2', NULL, 'N', NULL, 'Y', NULL, 'vn44178             ', {ts '2015-03-18 15:07:29.636000'}, {ts '2015-03-18 15:07:29.636000'}, 'vn44178');
INSERT INTO "DSV_ASSRT"."RULE_DEFNS" ("RULE_ID", "SEQ_NBR", "LVL_ID", "LOGIC_OPRTR_ID", "RULE_CAT_1_ID", "MATH_OPRTR_ID", "RULE_CAT_2_ID", "VAL", "VAL_TYP_CD", "PCT_SW", "RULE_CAT_3_ID", "ACTV_SW", "ACT_TYP_CD", "CRE8_UID", "CRE8_TS", "LST_UPDT_TS", "LST_UPDT_UID") VALUES ('12', '2', '17', '1', '1', '2', '2', '2', NULL, 'Y', NULL, 'Y', NULL, 'vn44178             ', {ts '2015-03-18 14:06:01.251000'}, {ts '2015-03-18 16:54:56.912000'}, 'vn44178');
INSERT INTO "DSV_ASSRT"."RULE_DEFNS" ("RULE_ID", "SEQ_NBR", "LVL_ID", "LOGIC_OPRTR_ID", "RULE_CAT_1_ID", "MATH_OPRTR_ID", "RULE_CAT_2_ID", "VAL", "VAL_TYP_CD", "PCT_SW", "RULE_CAT_3_ID", "ACTV_SW", "ACT_TYP_CD", "CRE8_UID", "CRE8_TS", "LST_UPDT_TS", "LST_UPDT_UID") VALUES ('12', '1', '17', '1', '1', '1', '2', '1', NULL, 'N', NULL, 'Y', NULL, 'vn44178             ', {ts '2015-03-18 14:06:01.251000'}, {ts '2015-03-18 16:54:56.912000'}, 'vn44178');
INSERT INTO "DSV_ASSRT"."RULE_DEFNS" ("RULE_ID", "SEQ_NBR", "LVL_ID", "LOGIC_OPRTR_ID", "RULE_CAT_1_ID", "MATH_OPRTR_ID", "RULE_CAT_2_ID", "VAL", "VAL_TYP_CD", "PCT_SW", "RULE_CAT_3_ID", "ACTV_SW", "ACT_TYP_CD", "CRE8_UID", "CRE8_TS", "LST_UPDT_TS", "LST_UPDT_UID") VALUES ('12', '2', '14', '1', '1', '2', '2', '6', NULL, 'Y', NULL, 'Y', NULL, 'vn44178             ', {ts '2015-03-18 10:44:56.671000'}, {ts '2015-03-18 10:44:56.671000'}, 'vn44178');
INSERT INTO "DSV_ASSRT"."RULE_DEFNS" ("RULE_ID", "SEQ_NBR", "LVL_ID", "LOGIC_OPRTR_ID", "RULE_CAT_1_ID", "MATH_OPRTR_ID", "RULE_CAT_2_ID", "VAL", "VAL_TYP_CD", "PCT_SW", "RULE_CAT_3_ID", "ACTV_SW", "ACT_TYP_CD", "CRE8_UID", "CRE8_TS", "LST_UPDT_TS", "LST_UPDT_UID") VALUES ('11', '1', '14', '1', '1', '5', '2', '4', NULL, 'N', NULL, 'Y', NULL, 'vn44178             ', {ts '2015-03-18 10:44:56.671000'}, {ts '2015-03-18 10:44:56.671000'}, 'vn44178');
INSERT INTO "DSV_ASSRT"."RULE_DEFNS" ("RULE_ID", "SEQ_NBR", "LVL_ID", "LOGIC_OPRTR_ID", "RULE_CAT_1_ID", "MATH_OPRTR_ID", "RULE_CAT_2_ID", "VAL", "VAL_TYP_CD", "PCT_SW", "RULE_CAT_3_ID", "ACTV_SW", "ACT_TYP_CD", "CRE8_UID", "CRE8_TS", "LST_UPDT_TS", "LST_UPDT_UID") VALUES ('11', '1', '36', '1', '1', '5', '2', '1', NULL, 'N', NULL, 'Y', NULL, 'vn44178             ', {ts '2015-03-18 17:25:57.694000'}, {ts '2015-03-19 09:32:02.239000'}, 'vn44178');
INSERT INTO "DSV_ASSRT"."RULE_DEFNS" ("RULE_ID", "SEQ_NBR", "LVL_ID", "LOGIC_OPRTR_ID", "RULE_CAT_1_ID", "MATH_OPRTR_ID", "RULE_CAT_2_ID", "VAL", "VAL_TYP_CD", "PCT_SW", "RULE_CAT_3_ID", "ACTV_SW", "ACT_TYP_CD", "CRE8_UID", "CRE8_TS", "LST_UPDT_TS", "LST_UPDT_UID") VALUES ('11', '1', '35', '1', '1', '5', '2', '1', NULL, 'N', NULL, 'Y', NULL, 'vn44178             ', {ts '2015-03-18 17:23:13.054000'}, {ts '2015-03-18 17:23:13.054000'}, 'vn44178');
INSERT INTO "DSV_ASSRT"."RULE_DEFNS" ("RULE_ID", "SEQ_NBR", "LVL_ID", "LOGIC_OPRTR_ID", "RULE_CAT_1_ID", "MATH_OPRTR_ID", "RULE_CAT_2_ID", "VAL", "VAL_TYP_CD", "PCT_SW", "RULE_CAT_3_ID", "ACTV_SW", "ACT_TYP_CD", "CRE8_UID", "CRE8_TS", "LST_UPDT_TS", "LST_UPDT_UID") VALUES ('11', '1', '43', '1', '1', '5', '2', '3', NULL, 'N', NULL, 'Y', NULL, 'vn44178             ', {ts '2015-03-19 09:29:30.434000'}, {ts '2015-03-19 09:29:47.948000'}, 'vn44178');
INSERT INTO "DSV_ASSRT"."RULE_DEFNS" ("RULE_ID", "SEQ_NBR", "LVL_ID", "LOGIC_OPRTR_ID", "RULE_CAT_1_ID", "MATH_OPRTR_ID", "RULE_CAT_2_ID", "VAL", "VAL_TYP_CD", "PCT_SW", "RULE_CAT_3_ID", "ACTV_SW", "ACT_TYP_CD", "CRE8_UID", "CRE8_TS", "LST_UPDT_TS", "LST_UPDT_UID") VALUES ('11', '1', '41', '1', '1', '5', '2', '5', NULL, 'N', NULL, 'Y', NULL, 'vn44178             ', {ts '2015-03-19 09:18:09.692000'}, {ts '2015-03-19 11:26:08.665000'}, 'vn44178');
INSERT INTO "DSV_ASSRT"."RULE_DEFNS" ("RULE_ID", "SEQ_NBR", "LVL_ID", "LOGIC_OPRTR_ID", "RULE_CAT_1_ID", "MATH_OPRTR_ID", "RULE_CAT_2_ID", "VAL", "VAL_TYP_CD", "PCT_SW", "RULE_CAT_3_ID", "ACTV_SW", "ACT_TYP_CD", "CRE8_UID", "CRE8_TS", "LST_UPDT_TS", "LST_UPDT_UID") VALUES ('11', '1', '52', '1', '1', '5', '2', '1', NULL, 'N', NULL, 'Y', NULL, 'vn44178             ', {ts '2015-03-19 11:14:52.850000'}, {ts '2015-03-19 11:14:52.850000'}, 'vn44178');
INSERT INTO "DSV_ASSRT"."RULE_DEFNS" ("RULE_ID", "SEQ_NBR", "LVL_ID", "LOGIC_OPRTR_ID", "RULE_CAT_1_ID", "MATH_OPRTR_ID", "RULE_CAT_2_ID", "VAL", "VAL_TYP_CD", "PCT_SW", "RULE_CAT_3_ID", "ACTV_SW", "ACT_TYP_CD", "CRE8_UID", "CRE8_TS", "LST_UPDT_TS", "LST_UPDT_UID") VALUES ('11', '1', '51', '1', '1', '5', '2', '1', NULL, 'N', NULL, 'Y', NULL, 'vn44178             ', {ts '2015-03-19 11:14:39.287000'}, {ts '2015-03-19 11:14:39.287000'}, 'vn44178');
INSERT INTO "DSV_ASSRT"."RULE_DEFNS" ("RULE_ID", "SEQ_NBR", "LVL_ID", "LOGIC_OPRTR_ID", "RULE_CAT_1_ID", "MATH_OPRTR_ID", "RULE_CAT_2_ID", "VAL", "VAL_TYP_CD", "PCT_SW", "RULE_CAT_3_ID", "ACTV_SW", "ACT_TYP_CD", "CRE8_UID", "CRE8_TS", "LST_UPDT_TS", "LST_UPDT_UID") VALUES ('11', '1', '13', '1', '1', '5', '2', '3', NULL, 'N', NULL, 'Y', NULL, 'vn44178             ', {ts '2015-03-18 10:22:38.265000'}, {ts '2015-03-18 10:24:19.547000'}, 'vn44178');
INSERT INTO "DSV_ASSRT"."RULE_DEFNS" ("RULE_ID", "SEQ_NBR", "LVL_ID", "LOGIC_OPRTR_ID", "RULE_CAT_1_ID", "MATH_OPRTR_ID", "RULE_CAT_2_ID", "VAL", "VAL_TYP_CD", "PCT_SW", "RULE_CAT_3_ID", "ACTV_SW", "ACT_TYP_CD", "CRE8_UID", "CRE8_TS", "LST_UPDT_TS", "LST_UPDT_UID") VALUES ('11', '1', '9', '1', '1', '5', '2', '3', NULL, 'N', NULL, 'Y', NULL, 'vn44178             ', {ts '2015-03-18 09:41:44.146000'}, {ts '2015-03-18 17:15:17.899000'}, 'vn44178');
INSERT INTO "DSV_ASSRT"."RULE_DEFNS" ("RULE_ID", "SEQ_NBR", "LVL_ID", "LOGIC_OPRTR_ID", "RULE_CAT_1_ID", "MATH_OPRTR_ID", "RULE_CAT_2_ID", "VAL", "VAL_TYP_CD", "PCT_SW", "RULE_CAT_3_ID", "ACTV_SW", "ACT_TYP_CD", "CRE8_UID", "CRE8_TS", "LST_UPDT_TS", "LST_UPDT_UID") VALUES ('11', '1', '19', '1', '1', '5', '2', '1', NULL, 'N', NULL, 'Y', NULL, 'vn44178             ', {ts '2015-03-18 15:07:29.636000'}, {ts '2015-03-18 15:07:29.636000'}, 'vn44178');
INSERT INTO "DSV_ASSRT"."RULE_DEFNS" ("RULE_ID", "SEQ_NBR", "LVL_ID", "LOGIC_OPRTR_ID", "RULE_CAT_1_ID", "MATH_OPRTR_ID", "RULE_CAT_2_ID", "VAL", "VAL_TYP_CD", "PCT_SW", "RULE_CAT_3_ID", "ACTV_SW", "ACT_TYP_CD", "CRE8_UID", "CRE8_TS", "LST_UPDT_TS", "LST_UPDT_UID") VALUES ('11', '1', '17', '1', '1', '5', '2', '5', NULL, 'N', NULL, 'Y', NULL, 'vn44178             ', {ts '2015-03-18 14:06:01.251000'}, {ts '2015-03-18 16:54:56.912000'}, 'vn44178');

-- ----------------------------
-- Table structure for RULE_LOGIC_OPRTR
-- ----------------------------
-- DROP TABLE "DSV_ASSRT"."RULE_LOGIC_OPRTR";
CREATE TABLE "DSV_ASSRT"."RULE_LOGIC_OPRTR" (
"LOGIC_OPRTR_ID" NUMBER(38) NOT NULL ,
"LOGIC_RULE_OPRTR_TXT" VARCHAR2(10) NULL 
)




;

-- ----------------------------
-- Records of RULE_LOGIC_OPRTR
-- ----------------------------
INSERT INTO "DSV_ASSRT"."RULE_LOGIC_OPRTR" VALUES ('1', 'AND');
INSERT INTO "DSV_ASSRT"."RULE_LOGIC_OPRTR" VALUES ('2', 'OR');

-- ----------------------------
-- Table structure for RULE_MATH_OPRTR
-- ----------------------------
-- DROP TABLE "DSV_ASSRT"."RULE_MATH_OPRTR";
CREATE TABLE "DSV_ASSRT"."RULE_MATH_OPRTR" (
"MATH_OPRTR_ID" NUMBER(38) NOT NULL ,
"MATH_OPRTR_TXT" VARCHAR2(10) NULL 
)




;

-- ----------------------------
-- Records of RULE_MATH_OPRTR
-- ----------------------------
INSERT INTO "DSV_ASSRT"."RULE_MATH_OPRTR" VALUES ('1', '>');
INSERT INTO "DSV_ASSRT"."RULE_MATH_OPRTR" VALUES ('2', '<');
INSERT INTO "DSV_ASSRT"."RULE_MATH_OPRTR" VALUES ('3', '>=');
INSERT INTO "DSV_ASSRT"."RULE_MATH_OPRTR" VALUES ('4', '<=');
INSERT INTO "DSV_ASSRT"."RULE_MATH_OPRTR" VALUES ('5', '==');

-- ----------------------------
-- Table structure for STG_ASRTNT_PROD
-- ----------------------------
-- DROP TABLE "DSV_ASSRT"."STG_ASRTNT_PROD";
CREATE TABLE "DSV_ASSRT"."STG_ASRTNT_PROD" (
"VEND_ID" NUMBER(38) NOT NULL ,
"PROD_SCN_CD" NUMBER(38) NOT NULL ,
"CRE8_TS" TIMESTAMP(6)  NOT NULL ,
"STG_FILE_TYP_CD" CHAR(5) NOT NULL ,
"VEND_SKU_ID" VARCHAR2(20) NULL ,
"VEND_PROD_CD" VARCHAR2(20) NULL ,
"MFG_NM" VARCHAR2(20) NULL ,
"BRND_NM" VARCHAR2(20) NULL ,
"PROD_DES" VARCHAR2(255) NULL ,
"CUST_PROD_DES" VARCHAR2(255) NULL ,
"BUYR_URL_TXT" VARCHAR2(255) NULL ,
"IMG_URL_TXT" VARCHAR2(255) NULL ,
"SELL_UNT_SZ" NUMBER(11,4) NULL ,
"UOM_TXT" VARCHAR2(20) NULL ,
"NEW_PK_QTY" NUMBER(9,4) NULL ,
"PK_QTY" NUMBER(9,4) NULL ,
"CNTRY_OF_ORIG_TXT" VARCHAR2(20) NULL ,
"VEND_CAT_1_TXT" VARCHAR2(50) NULL ,
"VEND_CAT_2_TXT" VARCHAR2(50) NULL ,
"VEND_CAT_3_TXT" VARCHAR2(50) NULL ,
"VEND_CAT_4_TXT" VARCHAR2(50) NULL ,
"VEND_CAT_5_TXT" VARCHAR2(50) NULL ,
"VEND_CAT_6_TXT" VARCHAR2(50) NULL ,
"VEND_CAT_7_TXT" VARCHAR2(50) NULL ,
"VEND_CLS_DES" VARCHAR2(50) NULL ,
"VEND_DEPT_DES" VARCHAR2(50) NULL ,
"HT_AMT" NUMBER(11,4) NULL ,
"WD_AMT" NUMBER(11,4) NULL ,
"DPTH_AMT" NUMBER(11,4) NULL ,
"WT_AMT" NUMBER(11,4) NULL ,
"MSRP_AMT" NUMBER(11,4) NULL ,
"SRP_AMT" NUMBER(11,4) NULL ,
"MAP_AMT" NUMBER(11,4) NULL ,
"MAP_SW" CHAR(1) NULL ,
"PRE_PRC_AMT" NUMBER(11,4) NULL ,
"HEB_CST_AMT" NUMBER(11,4) NULL ,
"SHP_CST_AMT" NUMBER(11,4) NULL ,
"QTY_IN_STCK_CNT" NUMBER NULL ,
"LEAD_DD_CNT" NUMBER NULL ,
"HEB_CST_APPLC_DT" DATE NULL ,
"PROC_STAT_CD" CHAR(1) NULL ,
"PROC_STRT_TS" TIMESTAMP(6)  NULL ,
"PROC_END_TS" TIMESTAMP(6)  NULL ,
"XTRNL_IMG_SW" CHAR(1) NULL ,
"NEW_HEB_CST_AMT" NUMBER(11,4) NULL ,
"BULK_ITM_SW" CHAR(1) NULL ,
"HZRDS_MATRL_SW" CHAR(1) NULL ,
"SHP_LEAD_DD_CNT" NUMBER NULL ,
"LRGE_BX_SZ" NUMBER(11,4) NULL ,
"SHP_OUTSD_BX_SW" CHAR(1) NULL ,
"VEND_ITM_STAT_TXT" VARCHAR2(255) NULL 
)




;

-- ----------------------------
-- Records of STG_ASRTNT_PROD
-- ----------------------------
INSERT INTO "DSV_ASSRT"."STG_ASRTNT_PROD" VALUES ('12765', '16291442401', {ts '0001-01-01 00:00:00.598000'}, 'PKCHG', 'DLRDY200103', null, 'Playtex', 'MORTON & BASSET', 'TONES CHIVES CHOPPED', null, 'http://www.unbeatablesale.com/dlrdy200100.html', 'http://site.unbeatablesale.com/img397/dlrdy200100.gif', '5', 'OZ', '9', '4', 'USA', 'CAT1', 'CAT2', null, null, null, null, null, 'SPICES SEASONING GRAVY COATING', 'NATURAL GROCERY', '1.71', '0.99', '2.07', '0.99', '31.59', '31.59', '30.59', 'N', '24.30', '20.69', '4.0120', null, null, '2015-01-28', 'R', {ts '0001-01-01 00:00:00.598000'}, {ts '0001-01-01 00:00:00.598000'}, null, '23.08', 'Y', 'Y', '5', '3', 'Y', 'ACTIVE');
INSERT INTO "DSV_ASSRT"."STG_ASRTNT_PROD" VALUES ('12765', '16291442402', {ts '0001-01-01 00:00:00.598000'}, 'PKCHG', 'DLRDY200104', null, 'Playtex', 'MORTON & BASSET', 'TONES CHIVES CHOPPED', null, 'http://www.unbeatablesale.com/dlrdy200100.html', 'http://site.unbeatablesale.com/img397/dlrdy200100.gif', '6', 'OZ', '7', '3', 'USA', 'CAT1', 'CAT2', null, null, null, null, null, 'SPICES SEASONING GRAVY COATING', 'NATURAL GROCERY', '1.70', '0.98', '2.06', '0.98', '31.59', '31.59', '30.59', 'N', '24.30', '20.68', '4.0120', null, null, '2015-01-29', 'R', {ts '0001-01-01 00:00:00.598000'}, {ts '0001-01-01 00:00:00.598000'}, null, '24.08', 'Y', 'Y', '5', '3', 'Y', 'ACTIVE');
INSERT INTO "DSV_ASSRT"."STG_ASRTNT_PROD" VALUES ('12765', '16291442403', {ts '0001-01-01 00:00:00.598000'}, 'PKCHG', 'DLRDY200105', null, 'Playtex', 'MORTON & CHANGE', 'TONES CHIVES CHANGE', null, 'http://www.unbeatablesale.com/dlrdy200100.html', 'http://site.unbeatablesale.com/img397/dlrdy200100CHANGE.gif', '8', 'OZL', '7', '3', 'USA', 'CAT1', null, null, null, null, null, null, 'SPICES SEASONING GRAVY COATING', 'NATURAL GROCERY', '1.70', '0.98', '2.06', '0.98', '31.59', '31.59', '30.59', 'N', '24.30', '20.66', '4.0120', null, null, '2015-01-28', 'R', {ts '0001-01-01 00:00:00.598000'}, {ts '0001-01-01 00:00:00.598000'}, null, '25.06', 'Y', 'Y', '5', '3', 'Y', 'ACTIVE');
INSERT INTO "DSV_ASSRT"."STG_ASRTNT_PROD" VALUES ('12765', '16291442404', {ts '0001-01-01 00:00:00.598000'}, 'PKCHG', 'DLRDY200106', null, 'Playtex', 'MORTON & BASSET', 'TONES CHIVES CHOPPED', null, 'http://www.unbeatablesale.com/dlrdy200100.html', 'http://site.unbeatablesale.com/img397/dlrdy200100.gif', '8', 'OZ', '7', '3', 'USA', 'CAT1', null, null, null, null, null, null, 'SPICES SEASONING GRAVY COATING', 'NATURAL GROCERY', '1.70', '0.98', '2.06', '0.98', '31.59', '31.59', '30.59', 'N', '24.30', '20.66', '4.0120', null, null, '2015-01-29', 'R', {ts '0001-01-01 00:00:00.598000'}, {ts '0001-01-01 00:00:00.598000'}, null, '26.06', 'Y', 'Y', '5', '3', 'Y', 'DISC');
INSERT INTO "DSV_ASSRT"."STG_ASRTNT_PROD" VALUES ('12765', '191', {ts '0001-01-01 00:00:00.598000'}, 'PKCHG', 'DLRDY200126', null, 'Playtex', 'MORTON & BASSET', 'TONES CHIVES CHOPPED_HAI', null, 'http://www.unbeatablesale.com/dlrdy200100.html', 'http://site.unbeatablesale.com/img397/dlrdy200100.gif', '28', 'OZ', '8', '3', 'USA', 'CAT1', null, null, null, null, null, null, 'SPICES SEASONING GRAVY COATING', 'NATURAL GROCERY', '1.70', '0.98', '2.06', '0.98', '31.59', '31.59', '30.59', 'N', '24.30', '20.67', '4.0120', null, null, '2015-02-18', 'R', {ts '0001-01-01 00:00:00.598000'}, {ts '0001-01-01 00:00:00.598000'}, null, '46.06', 'Y', 'Y', '5', '3', 'Y', 'ACTIVE');
INSERT INTO "DSV_ASSRT"."STG_ASRTNT_PROD" VALUES ('12765', '16291442405', {ts '0001-01-01 00:00:00.598000'}, 'PKCHG', 'DLRDY200126', null, 'Playtex', 'MORTON & BASSET', 'TONES CHIVES CHOPPED_HAI', null, 'http://www.unbeatablesale.com/dlrdy200100.html', 'http://site.unbeatablesale.com/img397/dlrdy200100.gif', '28', 'OZ', '8', '3', 'USA', 'CAT1', null, null, null, null, null, null, 'SPICES SEASONING GRAVY COATING', 'NATURAL GROCERY', '1.70', '0.98', '2.06', '0.98', '31.59', '31.59', '30.59', 'N', '24.30', '20.67', '4.0120', null, null, '2015-02-18', 'R', {ts '0001-01-01 00:00:00.598000'}, {ts '0001-01-01 00:00:00.598000'}, null, '46.06', 'Y', 'Y', '5', '3', 'Y', 'ACTIVE');
INSERT INTO "DSV_ASSRT"."STG_ASRTNT_PROD" VALUES ('12765', '16291442406', {ts '0001-01-01 00:00:00.598000'}, 'PKCHG', 'DLRDY200126', null, 'Playtex', 'MORTON & BASSET', 'TONES CHIVES CHOPPED_HAI', null, 'http://www.unbeatablesale.com/dlrdy200100.html', 'http://site.unbeatablesale.com/img397/dlrdy200100.gif', '28', 'OZ', '8', '3', 'USA', 'CAT1', null, null, null, null, null, null, 'SPICES SEASONING GRAVY COATING', 'NATURAL GROCERY', '1.70', '0.98', '2.06', '0.98', '31.59', '31.59', '30.59', 'N', '24.30', '20.67', '4.0120', null, null, '2015-02-18', 'C', {ts '0001-01-01 00:00:00.598000'}, {ts '0001-01-01 00:00:00.598000'}, null, '46.06', 'Y', 'Y', '5', '3', 'Y', 'ACTIVE');
INSERT INTO "DSV_ASSRT"."STG_ASRTNT_PROD" VALUES ('12765', '16291442407', {ts '0001-01-01 00:00:00.598000'}, 'PKCHG', 'DLRDY200126', null, 'Playtex', 'MORTON & BASSET', 'TONES CHIVES CHOPPED_HAI', null, 'http://www.unbeatablesale.com/dlrdy200100.html', 'http://site.unbeatablesale.com/img397/dlrdy200100.gif', '28', 'OZ', '8', '3', 'USA', 'CAT1', null, null, null, null, null, null, 'SPICES SEASONING GRAVY COATING', 'NATURAL GROCERY', '1.70', '0.98', '2.06', '0.98', '31.59', '31.59', '30.59', 'N', '24.30', '20.67', '4.0120', null, null, '2015-02-18', 'C', {ts '0001-01-01 00:00:00.598000'}, {ts '0001-01-01 00:00:00.598000'}, null, '46.06', 'Y', 'Y', '5', '3', 'Y', 'ACTIVE');
INSERT INTO "DSV_ASSRT"."STG_ASRTNT_PROD" VALUES ('12765', '16291442408', {ts '0001-01-01 00:00:00.598000'}, 'PKCHG', 'DLRDY200126', null, 'Playtex', 'MORTON & BASSET', 'TONES CHIVES CHOPPED_HAI', null, 'http://www.unbeatablesale.com/dlrdy200100.html', 'http://site.unbeatablesale.com/img397/dlrdy200100.gif', '28', 'OZ', '8', '3', 'USA', 'CAT1', null, null, null, null, null, null, 'SPICES SEASONING GRAVY COATING', 'NATURAL GROCERY', '1.70', '0.98', '2.06', '0.98', '31.59', '31.59', '30.59', 'N', '24.30', '20.67', '4.0120', null, null, '2015-02-18', 'C', {ts '0001-01-01 00:00:00.598000'}, {ts '0001-01-01 00:00:00.598000'}, null, '46.06', 'Y', 'Y', '5', '3', 'Y', 'ACTIVE');
INSERT INTO "DSV_ASSRT"."STG_ASRTNT_PROD" VALUES ('12765', '16291442409', {ts '0001-01-01 00:00:00.598000'}, 'PKCHG', 'DLRDY200126', null, 'Playtex', 'MORTON & BASSET', 'TONES CHIVES CHOPPED_HAI', null, 'http://www.unbeatablesale.com/dlrdy200100.html', 'http://site.unbeatablesale.com/img397/dlrdy200100.gif', '28', 'OZ', '8', '3', 'USA', 'CAT1', null, null, null, null, null, null, 'SPICES SEASONING GRAVY COATING', 'NATURAL GROCERY', '1.70', '0.98', '2.06', '0.98', '31.59', '31.59', '30.59', 'N', '24.30', '20.67', '4.0120', null, null, '2015-02-18', 'C', {ts '0001-01-01 00:00:00.598000'}, {ts '0001-01-01 00:00:00.598000'}, null, '46.06', 'Y', 'Y', '5', '3', 'Y', 'ACTIVE');
-- ----------------------------
-- Table structure for STG_FILE_TYP
-- ----------------------------
-- DROP TABLE "DSV_ASSRT"."STG_FILE_TYP";
CREATE TABLE "DSV_ASSRT"."STG_FILE_TYP" (
"STG_FILE_TYP_CD" CHAR(5) NOT NULL ,
"STG_FILE_TYP_DES" VARCHAR2(20) NULL 
)




;

-- ----------------------------
-- Records of STG_FILE_TYP
-- ----------------------------
INSERT INTO "DSV_ASSRT"."STG_FILE_TYP" VALUES ('PKCHG', 'Case Pack Change');
INSERT INTO "DSV_ASSRT"."STG_FILE_TYP" VALUES ('CSCHG', 'Cost Change');

-- ----------------------------
-- Table structure for STG_LD_STAT
-- ----------------------------
-- DROP TABLE "DSV_ASSRT"."STG_LD_STAT";
CREATE TABLE "DSV_ASSRT"."STG_LD_STAT" (
"STG_LD_STAT_CD" CHAR(5) NOT NULL ,
"STG_LD_STAT_DES" VARCHAR2(255) NULL 
)




;

-- ----------------------------
-- Records of STG_LD_STAT
-- ----------------------------

-- ----------------------------
-- Table structure for THM
-- ----------------------------
-- DROP TABLE "DSV_ASSRT"."THM";
CREATE TABLE "DSV_ASSRT"."THM" (
"THM_ID" NUMBER(38) NOT NULL ,
"THM_NM" VARCHAR2(100) NOT NULL ,
"THM_DES" VARCHAR2(255) NULL ,
"PROC_SW" CHAR(1) NOT NULL ,
"CRE8_UID" CHAR(20) NOT NULL ,
"CRE8_TS" TIMESTAMP(6)  NOT NULL ,
"LST_UPDT_TS" TIMESTAMP(6)  NULL ,
"LST_UPDT_UID" VARCHAR2(20) NULL ,
"THM_STAT_CD" CHAR(5) NOT NULL ,
"SOP_URL" VARCHAR2(2000) NOT NULL ,
"THM_PRTY_NBR" NUMBER NULL 
)




;

-- ----------------------------
-- Records of THM
-- ----------------------------
INSERT INTO "DSV_ASSRT"."THM" ("THM_ID", "THM_NM", "THM_DES", "PROC_SW", "CRE8_UID", "CRE8_TS", "LST_UPDT_TS", "LST_UPDT_UID", "THM_STAT_CD", "SOP_URL", "THM_PRTY_NBR") VALUES ('1', '1', '1', 'Y', '1                   ', {ts '2015-03-05 15:23:47.000000'}, {ts '2015-03-05 15:23:45.000000'}, '1', '1    ', '1', '1');
-- ----------------------------
-- Table structure for THM_RULES
-- ----------------------------
-- DROP TABLE "DSV_ASSRT"."THM_RULES";
CREATE TABLE "DSV_ASSRT"."THM_RULES" (
"RULE_ID" NUMBER(38) NOT NULL ,
"THM_ID" NUMBER(38) NOT NULL ,
"EXEC_ORD_NBR" NUMBER NOT NULL ,
"ACTV_SW" CHAR(1) NOT NULL ,
"INCLUSION_SW" CHAR(1) NOT NULL 
)
;

-- ----------------------------
-- Records of THM_RULES
-- ----------------------------
INSERT INTO "DSV_ASSRT"."THM_RULES" ("RULE_ID", "THM_ID", "EXEC_ORD_NBR", "ACTV_SW", "INCLUSION_SW") VALUES ('6', '1', '1', 'Y', 'Y');
INSERT INTO "DSV_ASSRT"."THM_RULES" ("RULE_ID", "THM_ID", "EXEC_ORD_NBR", "ACTV_SW", "INCLUSION_SW") VALUES ('1', '1', '1', 'Y', 'Y');
INSERT INTO "DSV_ASSRT"."THM_RULES" ("RULE_ID", "THM_ID", "EXEC_ORD_NBR", "ACTV_SW", "INCLUSION_SW") VALUES ('2', '1', '1', 'Y', 'Y');
INSERT INTO "DSV_ASSRT"."THM_RULES" ("RULE_ID", "THM_ID", "EXEC_ORD_NBR", "ACTV_SW", "INCLUSION_SW") VALUES ('3', '1', '1', 'Y', 'Y');
INSERT INTO "DSV_ASSRT"."THM_RULES" ("RULE_ID", "THM_ID", "EXEC_ORD_NBR", "ACTV_SW", "INCLUSION_SW") VALUES ('4', '1', '1', 'Y', 'Y');
INSERT INTO "DSV_ASSRT"."THM_RULES" ("RULE_ID", "THM_ID", "EXEC_ORD_NBR", "ACTV_SW", "INCLUSION_SW") VALUES ('5', '1', '1', 'Y', 'Y');
INSERT INTO "DSV_ASSRT"."THM_RULES" ("RULE_ID", "THM_ID", "EXEC_ORD_NBR", "ACTV_SW", "INCLUSION_SW") VALUES ('7', '1', '1', 'Y', 'Y');
INSERT INTO "DSV_ASSRT"."THM_RULES" ("RULE_ID", "THM_ID", "EXEC_ORD_NBR", "ACTV_SW", "INCLUSION_SW") VALUES ('8', '1', '1', 'Y', 'Y');
INSERT INTO "DSV_ASSRT"."THM_RULES" ("RULE_ID", "THM_ID", "EXEC_ORD_NBR", "ACTV_SW", "INCLUSION_SW") VALUES ('9', '1', '1', 'Y', 'Y');
INSERT INTO "DSV_ASSRT"."THM_RULES" ("RULE_ID", "THM_ID", "EXEC_ORD_NBR", "ACTV_SW", "INCLUSION_SW") VALUES ('10', '1', '1', 'Y', 'Y');
INSERT INTO "DSV_ASSRT"."THM_RULES" ("RULE_ID", "THM_ID", "EXEC_ORD_NBR", "ACTV_SW", "INCLUSION_SW") VALUES ('11', '1', '1', 'Y', 'Y');
INSERT INTO "DSV_ASSRT"."THM_RULES" ("RULE_ID", "THM_ID", "EXEC_ORD_NBR", "ACTV_SW", "INCLUSION_SW") VALUES ('12', '1', '1', 'Y', 'Y');
INSERT INTO "DSV_ASSRT"."THM_RULES" ("RULE_ID", "THM_ID", "EXEC_ORD_NBR", "ACTV_SW", "INCLUSION_SW") VALUES ('13', '1', '1', 'Y', 'Y');
INSERT INTO "DSV_ASSRT"."THM_RULES" ("RULE_ID", "THM_ID", "EXEC_ORD_NBR", "ACTV_SW", "INCLUSION_SW") VALUES ('14', '1', '1', 'Y', 'Y');
INSERT INTO "DSV_ASSRT"."THM_RULES" ("RULE_ID", "THM_ID", "EXEC_ORD_NBR", "ACTV_SW", "INCLUSION_SW") VALUES ('15', '1', '1', 'Y', 'Y');
INSERT INTO "DSV_ASSRT"."THM_RULES" ("RULE_ID", "THM_ID", "EXEC_ORD_NBR", "ACTV_SW", "INCLUSION_SW") VALUES ('16', '1', '1', 'Y', 'Y');
INSERT INTO "DSV_ASSRT"."THM_RULES" ("RULE_ID", "THM_ID", "EXEC_ORD_NBR", "ACTV_SW", "INCLUSION_SW") VALUES ('17', '1', '1', 'Y', 'Y');

-- ----------------------------
-- Table structure for VAL_TYP
-- ----------------------------
-- DROP TABLE "DSV_ASSRT"."VAL_TYP";
CREATE TABLE "DSV_ASSRT"."VAL_TYP" (
"VAL_TYP_CD" CHAR(5) NOT NULL ,
"VAL_TYP_DES" VARCHAR2(255) NULL 
)
;

-- ----------------------------
-- Records of VAL_TYP
-- ----------------------------
INSERT INTO "DSV_ASSRT"."VAL_TYP" ("VAL_TYP_CD", "VAL_TYP_DES") VALUES ('1    ', 'String');
INSERT INTO "DSV_ASSRT"."VAL_TYP" ("VAL_TYP_CD", "VAL_TYP_DES") VALUES ('2    ', 'Double');


-- ----------------------------
-- Table structure for VEND_PROD_STAT
-- ----------------------------
-- DROP TABLE "DSV_ASSRT"."VEND_PROD_STAT";
CREATE TABLE "DSV_ASSRT"."VEND_PROD_STAT" (
"VEND_PROD_STAT_CD" CHAR(5) NOT NULL ,
"VEND_PROD_STAT_DES" VARCHAR2(255) NULL ,
"CRE8_UID" CHAR(20) NOT NULL ,
"CRE8_TS" TIMESTAMP(6)  NOT NULL ,
"LST_UPDT_UID" VARCHAR2(20) NOT NULL ,
"LST_UPDT_TS" TIMESTAMP(6)  NOT NULL 
)




;

-- ----------------------------
-- Records of VEND_PROD_STAT
-- ----------------------------
INSERT INTO "DSV_ASSRT"."VEND_PROD_STAT" VALUES ('R    ', 'READY', '1                   ', {ts '2015-01-07 11:11:53.598000'}, '1', {ts '2015-01-07 11:11:58.598000'});

-- ----------------------------
-- Table structure for WEB_STAT
-- ----------------------------
-- DROP TABLE "DSV_ASSRT"."WEB_STAT";
CREATE TABLE "DSV_ASSRT"."WEB_STAT" (
"WEB_STAT_CD" CHAR(5) NOT NULL ,
"WEB_STAT_DES" VARCHAR2(255) NULL 
)




;

-- ----------------------------
-- Records of WEB_STAT
-- ----------------------------
INSERT INTO "DSV_ASSRT"."WEB_STAT" ("WEB_STAT_CD", "WEB_STAT_DES") VALUES ('DCM  ', 'DCM');
INSERT INTO "DSV_ASSRT"."WEB_STAT" ("WEB_STAT_CD", "WEB_STAT_DES") VALUES ('PM   ', 'PM');
INSERT INTO "DSV_ASSRT"."WEB_STAT" ("WEB_STAT_CD", "WEB_STAT_DES") VALUES ('CPS  ', 'CPS');


-- ----------------------------
-- Indexes structure for table ACT_TYP
-- ----------------------------

-- ----------------------------
-- Checks structure for table ACT_TYP
-- ----------------------------
ALTER TABLE "DSV_ASSRT"."ACT_TYP" ADD CHECK ("ACT_TYP_CD" IS NOT NULL);
ALTER TABLE "DSV_ASSRT"."ACT_TYP" ADD CHECK ("ACT_TYP_CD" IS NOT NULL);

-- ----------------------------
-- Primary Key structure for table ACT_TYP
-- ----------------------------
ALTER TABLE "DSV_ASSRT"."ACT_TYP" ADD PRIMARY KEY ("ACT_TYP_CD");

-- ----------------------------
-- Indexes structure for table CMPTR_LVL
-- ----------------------------

-- ----------------------------
-- Checks structure for table CMPTR_LVL
-- ----------------------------
ALTER TABLE "DSV_ASSRT"."CMPTR_LVL" ADD CHECK ("CMPTR_ID" IS NOT NULL);
ALTER TABLE "DSV_ASSRT"."CMPTR_LVL" ADD CHECK ("LVL_ID" IS NOT NULL);
ALTER TABLE "DSV_ASSRT"."CMPTR_LVL" ADD CHECK ("CRE8_UID" IS NOT NULL);
ALTER TABLE "DSV_ASSRT"."CMPTR_LVL" ADD CHECK ("CRE8_TS" IS NOT NULL);
ALTER TABLE "DSV_ASSRT"."CMPTR_LVL" ADD CHECK ("CMPTR_ID" IS NOT NULL);
ALTER TABLE "DSV_ASSRT"."CMPTR_LVL" ADD CHECK ("LVL_ID" IS NOT NULL);
ALTER TABLE "DSV_ASSRT"."CMPTR_LVL" ADD CHECK ("CRE8_UID" IS NOT NULL);
ALTER TABLE "DSV_ASSRT"."CMPTR_LVL" ADD CHECK ("CRE8_TS" IS NOT NULL);

-- ----------------------------
-- Primary Key structure for table CMPTR_LVL
-- ----------------------------
ALTER TABLE "DSV_ASSRT"."CMPTR_LVL" ADD PRIMARY KEY ("CMPTR_ID", "LVL_ID");

-- ----------------------------
-- Indexes structure for table DSV_PROD_CTLG
-- ----------------------------

-- ----------------------------
-- Checks structure for table DSV_PROD_CTLG
-- ----------------------------
ALTER TABLE "DSV_ASSRT"."DSV_PROD_CTLG" ADD CHECK ("VEND_ID" IS NOT NULL);
ALTER TABLE "DSV_ASSRT"."DSV_PROD_CTLG" ADD CHECK ("PROD_SCN_CD" IS NOT NULL);
ALTER TABLE "DSV_ASSRT"."DSV_PROD_CTLG" ADD CHECK ("PROD_DES" IS NOT NULL);
ALTER TABLE "DSV_ASSRT"."DSV_PROD_CTLG" ADD CHECK ("XTRNL_IMG_SW" IS NOT NULL);
ALTER TABLE "DSV_ASSRT"."DSV_PROD_CTLG" ADD CHECK ("NEW_PK_QTY" IS NOT NULL);
ALTER TABLE "DSV_ASSRT"."DSV_PROD_CTLG" ADD CHECK ("BULK_ITM_SW" IS NOT NULL);
ALTER TABLE "DSV_ASSRT"."DSV_PROD_CTLG" ADD CHECK ("HZRDS_MATRL_SW" IS NOT NULL);
ALTER TABLE "DSV_ASSRT"."DSV_PROD_CTLG" ADD CHECK ("LRGE_BX_SZ" IS NOT NULL);
ALTER TABLE "DSV_ASSRT"."DSV_PROD_CTLG" ADD CHECK ("SHP_OUTSD_BX_SW" IS NOT NULL);
ALTER TABLE "DSV_ASSRT"."DSV_PROD_CTLG" ADD CHECK ("CRE8_UID" IS NOT NULL);
ALTER TABLE "DSV_ASSRT"."DSV_PROD_CTLG" ADD CHECK ("CRE8_TS" IS NOT NULL);
ALTER TABLE "DSV_ASSRT"."DSV_PROD_CTLG" ADD CHECK ("VEND_ID" IS NOT NULL);
ALTER TABLE "DSV_ASSRT"."DSV_PROD_CTLG" ADD CHECK ("PROD_SCN_CD" IS NOT NULL);
ALTER TABLE "DSV_ASSRT"."DSV_PROD_CTLG" ADD CHECK ("PROD_DES" IS NOT NULL);
ALTER TABLE "DSV_ASSRT"."DSV_PROD_CTLG" ADD CHECK ("XTRNL_IMG_SW" IS NOT NULL);
ALTER TABLE "DSV_ASSRT"."DSV_PROD_CTLG" ADD CHECK ("NEW_PK_QTY" IS NOT NULL);
ALTER TABLE "DSV_ASSRT"."DSV_PROD_CTLG" ADD CHECK ("BULK_ITM_SW" IS NOT NULL);
ALTER TABLE "DSV_ASSRT"."DSV_PROD_CTLG" ADD CHECK ("HZRDS_MATRL_SW" IS NOT NULL);
ALTER TABLE "DSV_ASSRT"."DSV_PROD_CTLG" ADD CHECK ("LRGE_BX_SZ" IS NOT NULL);
ALTER TABLE "DSV_ASSRT"."DSV_PROD_CTLG" ADD CHECK ("SHP_OUTSD_BX_SW" IS NOT NULL);
ALTER TABLE "DSV_ASSRT"."DSV_PROD_CTLG" ADD CHECK ("CRE8_UID" IS NOT NULL);
ALTER TABLE "DSV_ASSRT"."DSV_PROD_CTLG" ADD CHECK ("CRE8_TS" IS NOT NULL);

-- ----------------------------
-- Primary Key structure for table DSV_PROD_CTLG
-- ----------------------------
ALTER TABLE "DSV_ASSRT"."DSV_PROD_CTLG" ADD PRIMARY KEY ("VEND_ID", "PROD_SCN_CD");

-- ----------------------------
-- Indexes structure for table DSV_STG_HDR
-- ----------------------------

-- ----------------------------
-- Checks structure for table DSV_STG_HDR
-- ----------------------------
ALTER TABLE "DSV_ASSRT"."DSV_STG_HDR" ADD CHECK ("VEND_ID" IS NOT NULL);
ALTER TABLE "DSV_ASSRT"."DSV_STG_HDR" ADD CHECK ("PROD_SCN_CD" IS NOT NULL);
ALTER TABLE "DSV_ASSRT"."DSV_STG_HDR" ADD CHECK ("PROC_STRT_TS" IS NOT NULL);
ALTER TABLE "DSV_ASSRT"."DSV_STG_HDR" ADD CHECK ("PROC_END_TS" IS NOT NULL);
ALTER TABLE "DSV_ASSRT"."DSV_STG_HDR" ADD CHECK ("CRE8_UID" IS NOT NULL);
ALTER TABLE "DSV_ASSRT"."DSV_STG_HDR" ADD CHECK ("CRE8_TS" IS NOT NULL);
ALTER TABLE "DSV_ASSRT"."DSV_STG_HDR" ADD CHECK ("LST_UPDT_UID" IS NOT NULL);
ALTER TABLE "DSV_ASSRT"."DSV_STG_HDR" ADD CHECK ("LST_UPDT_TS" IS NOT NULL);
ALTER TABLE "DSV_ASSRT"."DSV_STG_HDR" ADD CHECK ("VEND_ID" IS NOT NULL);
ALTER TABLE "DSV_ASSRT"."DSV_STG_HDR" ADD CHECK ("PROD_SCN_CD" IS NOT NULL);
ALTER TABLE "DSV_ASSRT"."DSV_STG_HDR" ADD CHECK ("PROC_STRT_TS" IS NOT NULL);
ALTER TABLE "DSV_ASSRT"."DSV_STG_HDR" ADD CHECK ("PROC_END_TS" IS NOT NULL);
ALTER TABLE "DSV_ASSRT"."DSV_STG_HDR" ADD CHECK ("CRE8_UID" IS NOT NULL);
ALTER TABLE "DSV_ASSRT"."DSV_STG_HDR" ADD CHECK ("CRE8_TS" IS NOT NULL);
ALTER TABLE "DSV_ASSRT"."DSV_STG_HDR" ADD CHECK ("LST_UPDT_UID" IS NOT NULL);
ALTER TABLE "DSV_ASSRT"."DSV_STG_HDR" ADD CHECK ("LST_UPDT_TS" IS NOT NULL);

-- ----------------------------
-- Primary Key structure for table DSV_STG_HDR
-- ----------------------------
ALTER TABLE "DSV_ASSRT"."DSV_STG_HDR" ADD PRIMARY KEY ("VEND_ID", "PROD_SCN_CD");

-- ----------------------------
-- Indexes structure for table DSV_STG_PROD_DTL
-- ----------------------------

-- ----------------------------
-- Checks structure for table DSV_STG_PROD_DTL
-- ----------------------------
ALTER TABLE "DSV_ASSRT"."DSV_STG_PROD_DTL" ADD CHECK ("PROD_SCN_CD" IS NOT NULL);
ALTER TABLE "DSV_ASSRT"."DSV_STG_PROD_DTL" ADD CHECK ("VEND_ID" IS NOT NULL);
ALTER TABLE "DSV_ASSRT"."DSV_STG_PROD_DTL" ADD CHECK ("NEW_PK_QTY" IS NOT NULL);
ALTER TABLE "DSV_ASSRT"."DSV_STG_PROD_DTL" ADD CHECK ("PROD_SCN_CD" IS NOT NULL);
ALTER TABLE "DSV_ASSRT"."DSV_STG_PROD_DTL" ADD CHECK ("VEND_ID" IS NOT NULL);
ALTER TABLE "DSV_ASSRT"."DSV_STG_PROD_DTL" ADD CHECK ("NEW_PK_QTY" IS NOT NULL);

-- ----------------------------
-- Primary Key structure for table DSV_STG_PROD_DTL
-- ----------------------------
ALTER TABLE "DSV_ASSRT"."DSV_STG_PROD_DTL" ADD PRIMARY KEY ("PROD_SCN_CD", "VEND_ID");

-- ----------------------------
-- Indexes structure for table DSV_STG_RETL_CST_DTL
-- ----------------------------

-- ----------------------------
-- Checks structure for table DSV_STG_RETL_CST_DTL
-- ----------------------------
ALTER TABLE "DSV_ASSRT"."DSV_STG_RETL_CST_DTL" ADD CHECK ("PROD_SCN_CD" IS NOT NULL);
ALTER TABLE "DSV_ASSRT"."DSV_STG_RETL_CST_DTL" ADD CHECK ("VEND_ID" IS NOT NULL);
ALTER TABLE "DSV_ASSRT"."DSV_STG_RETL_CST_DTL" ADD CHECK ("PROD_SCN_CD" IS NOT NULL);
ALTER TABLE "DSV_ASSRT"."DSV_STG_RETL_CST_DTL" ADD CHECK ("VEND_ID" IS NOT NULL);

-- ----------------------------
-- Primary Key structure for table DSV_STG_RETL_CST_DTL
-- ----------------------------
ALTER TABLE "DSV_ASSRT"."DSV_STG_RETL_CST_DTL" ADD PRIMARY KEY ("PROD_SCN_CD", "VEND_ID");

-- ----------------------------
-- Indexes structure for table DSV_VEND
-- ----------------------------

-- ----------------------------
-- Checks structure for table DSV_VEND
-- ----------------------------
ALTER TABLE "DSV_ASSRT"."DSV_VEND" ADD CHECK ("VEND_ID" IS NOT NULL);
ALTER TABLE "DSV_ASSRT"."DSV_VEND" ADD CHECK ("VEND_ID" IS NOT NULL);

-- ----------------------------
-- Primary Key structure for table DSV_VEND
-- ----------------------------
ALTER TABLE "DSV_ASSRT"."DSV_VEND" ADD PRIMARY KEY ("VEND_ID");

-- ----------------------------
-- Indexes structure for table DTA_LD_STAT
-- ----------------------------

-- ----------------------------
-- Checks structure for table DTA_LD_STAT
-- ----------------------------
ALTER TABLE "DSV_ASSRT"."DTA_LD_STAT" ADD CHECK ("STG_FILE_TYP_CD" IS NOT NULL);
ALTER TABLE "DSV_ASSRT"."DTA_LD_STAT" ADD CHECK ("LD_TS" IS NOT NULL);
ALTER TABLE "DSV_ASSRT"."DTA_LD_STAT" ADD CHECK ("STG_FILE_TYP_CD" IS NOT NULL);
ALTER TABLE "DSV_ASSRT"."DTA_LD_STAT" ADD CHECK ("LD_TS" IS NOT NULL);

-- ----------------------------
-- Primary Key structure for table DTA_LD_STAT
-- ----------------------------
ALTER TABLE "DSV_ASSRT"."DTA_LD_STAT" ADD PRIMARY KEY ("STG_FILE_TYP_CD", "LD_TS");

-- ----------------------------
-- Indexes structure for table ENTY
-- ----------------------------

-- ----------------------------
-- Checks structure for table ENTY
-- ----------------------------
ALTER TABLE "DSV_ASSRT"."ENTY" ADD CHECK ("ENTY_ID" IS NOT NULL);
ALTER TABLE "DSV_ASSRT"."ENTY" ADD CHECK ("CRE8_UID" IS NOT NULL);
ALTER TABLE "DSV_ASSRT"."ENTY" ADD CHECK ("CRE8_TS" IS NOT NULL);
ALTER TABLE "DSV_ASSRT"."ENTY" ADD CHECK ("LST_UPDT_UID" IS NOT NULL);
ALTER TABLE "DSV_ASSRT"."ENTY" ADD CHECK ("LST_UPDT_TS" IS NOT NULL);
ALTER TABLE "DSV_ASSRT"."ENTY" ADD CHECK ("ENTY_ID" IS NOT NULL);
ALTER TABLE "DSV_ASSRT"."ENTY" ADD CHECK ("CRE8_UID" IS NOT NULL);
ALTER TABLE "DSV_ASSRT"."ENTY" ADD CHECK ("CRE8_TS" IS NOT NULL);
ALTER TABLE "DSV_ASSRT"."ENTY" ADD CHECK ("LST_UPDT_UID" IS NOT NULL);
ALTER TABLE "DSV_ASSRT"."ENTY" ADD CHECK ("LST_UPDT_TS" IS NOT NULL);

-- ----------------------------
-- Primary Key structure for table ENTY
-- ----------------------------
ALTER TABLE "DSV_ASSRT"."ENTY" ADD PRIMARY KEY ("ENTY_ID");

-- ----------------------------
-- Indexes structure for table ENTY_DES
-- ----------------------------

-- ----------------------------
-- Checks structure for table ENTY_DES
-- ----------------------------
ALTER TABLE "DSV_ASSRT"."ENTY_DES" ADD CHECK ("ENTY_ID" IS NOT NULL);
ALTER TABLE "DSV_ASSRT"."ENTY_DES" ADD CHECK ("HIER_CNTXT_CD" IS NOT NULL);
ALTER TABLE "DSV_ASSRT"."ENTY_DES" ADD CHECK ("ENTY_SHRT_DES" IS NOT NULL);
ALTER TABLE "DSV_ASSRT"."ENTY_DES" ADD CHECK ("CRE8_UID" IS NOT NULL);
ALTER TABLE "DSV_ASSRT"."ENTY_DES" ADD CHECK ("CRE8_TS" IS NOT NULL);
ALTER TABLE "DSV_ASSRT"."ENTY_DES" ADD CHECK ("LST_UPDT_UID" IS NOT NULL);
ALTER TABLE "DSV_ASSRT"."ENTY_DES" ADD CHECK ("LST_UPDT_TS" IS NOT NULL);
ALTER TABLE "DSV_ASSRT"."ENTY_DES" ADD CHECK ("ENTY_ID" IS NOT NULL);
ALTER TABLE "DSV_ASSRT"."ENTY_DES" ADD CHECK ("HIER_CNTXT_CD" IS NOT NULL);
ALTER TABLE "DSV_ASSRT"."ENTY_DES" ADD CHECK ("ENTY_SHRT_DES" IS NOT NULL);
ALTER TABLE "DSV_ASSRT"."ENTY_DES" ADD CHECK ("CRE8_UID" IS NOT NULL);
ALTER TABLE "DSV_ASSRT"."ENTY_DES" ADD CHECK ("CRE8_TS" IS NOT NULL);
ALTER TABLE "DSV_ASSRT"."ENTY_DES" ADD CHECK ("LST_UPDT_UID" IS NOT NULL);
ALTER TABLE "DSV_ASSRT"."ENTY_DES" ADD CHECK ("LST_UPDT_TS" IS NOT NULL);

-- ----------------------------
-- Primary Key structure for table ENTY_DES
-- ----------------------------
ALTER TABLE "DSV_ASSRT"."ENTY_DES" ADD PRIMARY KEY ("ENTY_ID", "HIER_CNTXT_CD");

-- ----------------------------
-- Indexes structure for table ENTY_RLSHP
-- ----------------------------

-- ----------------------------
-- Checks structure for table ENTY_RLSHP
-- ----------------------------
ALTER TABLE "DSV_ASSRT"."ENTY_RLSHP" ADD CHECK ("PARNT_ENTY_ID" IS NOT NULL);
ALTER TABLE "DSV_ASSRT"."ENTY_RLSHP" ADD CHECK ("CHILD_ENTY_ID" IS NOT NULL);
ALTER TABLE "DSV_ASSRT"."ENTY_RLSHP" ADD CHECK ("HIER_CNTXT_CD" IS NOT NULL);
ALTER TABLE "DSV_ASSRT"."ENTY_RLSHP" ADD CHECK ("CRE8_UID" IS NOT NULL);
ALTER TABLE "DSV_ASSRT"."ENTY_RLSHP" ADD CHECK ("CRE8_TS" IS NOT NULL);
ALTER TABLE "DSV_ASSRT"."ENTY_RLSHP" ADD CHECK ("LST_UPDT_UID" IS NOT NULL);
ALTER TABLE "DSV_ASSRT"."ENTY_RLSHP" ADD CHECK ("LST_UPDT_TS" IS NOT NULL);
ALTER TABLE "DSV_ASSRT"."ENTY_RLSHP" ADD CHECK ("EXPRN_DT" IS NOT NULL);
ALTER TABLE "DSV_ASSRT"."ENTY_RLSHP" ADD CHECK ("PARNT_ENTY_ID" IS NOT NULL);
ALTER TABLE "DSV_ASSRT"."ENTY_RLSHP" ADD CHECK ("CHILD_ENTY_ID" IS NOT NULL);
ALTER TABLE "DSV_ASSRT"."ENTY_RLSHP" ADD CHECK ("HIER_CNTXT_CD" IS NOT NULL);
ALTER TABLE "DSV_ASSRT"."ENTY_RLSHP" ADD CHECK ("CRE8_UID" IS NOT NULL);
ALTER TABLE "DSV_ASSRT"."ENTY_RLSHP" ADD CHECK ("CRE8_TS" IS NOT NULL);
ALTER TABLE "DSV_ASSRT"."ENTY_RLSHP" ADD CHECK ("LST_UPDT_UID" IS NOT NULL);
ALTER TABLE "DSV_ASSRT"."ENTY_RLSHP" ADD CHECK ("LST_UPDT_TS" IS NOT NULL);
ALTER TABLE "DSV_ASSRT"."ENTY_RLSHP" ADD CHECK ("EXPRN_DT" IS NOT NULL);

-- ----------------------------
-- Primary Key structure for table ENTY_RLSHP
-- ----------------------------
ALTER TABLE "DSV_ASSRT"."ENTY_RLSHP" ADD PRIMARY KEY ("PARNT_ENTY_ID", "CHILD_ENTY_ID", "HIER_CNTXT_CD");

-- ----------------------------
-- Indexes structure for table ENTY_TYP
-- ----------------------------

-- ----------------------------
-- Checks structure for table ENTY_TYP
-- ----------------------------
ALTER TABLE "DSV_ASSRT"."ENTY_TYP" ADD CHECK ("ENTY_TYP_CD" IS NOT NULL);
ALTER TABLE "DSV_ASSRT"."ENTY_TYP" ADD CHECK ("ENTY_TYP_ABB" IS NOT NULL);
ALTER TABLE "DSV_ASSRT"."ENTY_TYP" ADD CHECK ("ENTY_TYP_DES" IS NOT NULL);
ALTER TABLE "DSV_ASSRT"."ENTY_TYP" ADD CHECK ("CRE8_UID" IS NOT NULL);
ALTER TABLE "DSV_ASSRT"."ENTY_TYP" ADD CHECK ("CRE8_TS" IS NOT NULL);
ALTER TABLE "DSV_ASSRT"."ENTY_TYP" ADD CHECK ("LST_UPDT_UID" IS NOT NULL);
ALTER TABLE "DSV_ASSRT"."ENTY_TYP" ADD CHECK ("LST_UPDT_TS" IS NOT NULL);
ALTER TABLE "DSV_ASSRT"."ENTY_TYP" ADD CHECK ("ENTY_TYP_CD" IS NOT NULL);
ALTER TABLE "DSV_ASSRT"."ENTY_TYP" ADD CHECK ("ENTY_TYP_ABB" IS NOT NULL);
ALTER TABLE "DSV_ASSRT"."ENTY_TYP" ADD CHECK ("ENTY_TYP_DES" IS NOT NULL);
ALTER TABLE "DSV_ASSRT"."ENTY_TYP" ADD CHECK ("CRE8_UID" IS NOT NULL);
ALTER TABLE "DSV_ASSRT"."ENTY_TYP" ADD CHECK ("CRE8_TS" IS NOT NULL);
ALTER TABLE "DSV_ASSRT"."ENTY_TYP" ADD CHECK ("LST_UPDT_UID" IS NOT NULL);
ALTER TABLE "DSV_ASSRT"."ENTY_TYP" ADD CHECK ("LST_UPDT_TS" IS NOT NULL);

-- ----------------------------
-- Primary Key structure for table ENTY_TYP
-- ----------------------------
ALTER TABLE "DSV_ASSRT"."ENTY_TYP" ADD PRIMARY KEY ("ENTY_TYP_CD");

-- ----------------------------
-- Indexes structure for table ERR_TYP
-- ----------------------------

-- ----------------------------
-- Checks structure for table ERR_TYP
-- ----------------------------
ALTER TABLE "DSV_ASSRT"."ERR_TYP" ADD CHECK ("ERR_TYP_CD" IS NOT NULL);
ALTER TABLE "DSV_ASSRT"."ERR_TYP" ADD CHECK ("CRE8_UID" IS NOT NULL);
ALTER TABLE "DSV_ASSRT"."ERR_TYP" ADD CHECK ("CRE8_TS" IS NOT NULL);
ALTER TABLE "DSV_ASSRT"."ERR_TYP" ADD CHECK ("LST_UPDT_UID" IS NOT NULL);
ALTER TABLE "DSV_ASSRT"."ERR_TYP" ADD CHECK ("LST_UPDT_TS" IS NOT NULL);
ALTER TABLE "DSV_ASSRT"."ERR_TYP" ADD CHECK ("ERR_TYP_CD" IS NOT NULL);
ALTER TABLE "DSV_ASSRT"."ERR_TYP" ADD CHECK ("CRE8_UID" IS NOT NULL);
ALTER TABLE "DSV_ASSRT"."ERR_TYP" ADD CHECK ("CRE8_TS" IS NOT NULL);
ALTER TABLE "DSV_ASSRT"."ERR_TYP" ADD CHECK ("LST_UPDT_UID" IS NOT NULL);
ALTER TABLE "DSV_ASSRT"."ERR_TYP" ADD CHECK ("LST_UPDT_TS" IS NOT NULL);

-- ----------------------------
-- Primary Key structure for table ERR_TYP
-- ----------------------------
ALTER TABLE "DSV_ASSRT"."ERR_TYP" ADD PRIMARY KEY ("ERR_TYP_CD");

-- ----------------------------
-- Indexes structure for table FUTR_RETL_CST
-- ----------------------------

-- ----------------------------
-- Checks structure for table FUTR_RETL_CST
-- ----------------------------
ALTER TABLE "DSV_ASSRT"."FUTR_RETL_CST" ADD CHECK ("PROD_SCN_CD" IS NOT NULL);
ALTER TABLE "DSV_ASSRT"."FUTR_RETL_CST" ADD CHECK ("VEND_ID" IS NOT NULL);
ALTER TABLE "DSV_ASSRT"."FUTR_RETL_CST" ADD CHECK ("EFF_TS" IS NOT NULL);
ALTER TABLE "DSV_ASSRT"."FUTR_RETL_CST" ADD CHECK ("CRE8_UID" IS NOT NULL);
ALTER TABLE "DSV_ASSRT"."FUTR_RETL_CST" ADD CHECK ("CRE8_TS" IS NOT NULL);
ALTER TABLE "DSV_ASSRT"."FUTR_RETL_CST" ADD CHECK ("PROD_SCN_CD" IS NOT NULL);
ALTER TABLE "DSV_ASSRT"."FUTR_RETL_CST" ADD CHECK ("VEND_ID" IS NOT NULL);
ALTER TABLE "DSV_ASSRT"."FUTR_RETL_CST" ADD CHECK ("EFF_TS" IS NOT NULL);
ALTER TABLE "DSV_ASSRT"."FUTR_RETL_CST" ADD CHECK ("CRE8_UID" IS NOT NULL);
ALTER TABLE "DSV_ASSRT"."FUTR_RETL_CST" ADD CHECK ("CRE8_TS" IS NOT NULL);

-- ----------------------------
-- Primary Key structure for table FUTR_RETL_CST
-- ----------------------------
ALTER TABLE "DSV_ASSRT"."FUTR_RETL_CST" ADD PRIMARY KEY ("PROD_SCN_CD", "VEND_ID", "EFF_TS");

-- ----------------------------
-- Indexes structure for table HIER_CNTXT
-- ----------------------------

-- ----------------------------
-- Checks structure for table HIER_CNTXT
-- ----------------------------
ALTER TABLE "DSV_ASSRT"."HIER_CNTXT" ADD CHECK ("HIER_CNTXT_CD" IS NOT NULL);
ALTER TABLE "DSV_ASSRT"."HIER_CNTXT" ADD CHECK ("CRE8_UID" IS NOT NULL);
ALTER TABLE "DSV_ASSRT"."HIER_CNTXT" ADD CHECK ("CRE8_TS" IS NOT NULL);
ALTER TABLE "DSV_ASSRT"."HIER_CNTXT" ADD CHECK ("LST_UPDT_UID" IS NOT NULL);
ALTER TABLE "DSV_ASSRT"."HIER_CNTXT" ADD CHECK ("LST_UPDT_TS" IS NOT NULL);
ALTER TABLE "DSV_ASSRT"."HIER_CNTXT" ADD CHECK ("HIER_CNTXT_CD" IS NOT NULL);
ALTER TABLE "DSV_ASSRT"."HIER_CNTXT" ADD CHECK ("CRE8_UID" IS NOT NULL);
ALTER TABLE "DSV_ASSRT"."HIER_CNTXT" ADD CHECK ("CRE8_TS" IS NOT NULL);
ALTER TABLE "DSV_ASSRT"."HIER_CNTXT" ADD CHECK ("LST_UPDT_UID" IS NOT NULL);
ALTER TABLE "DSV_ASSRT"."HIER_CNTXT" ADD CHECK ("LST_UPDT_TS" IS NOT NULL);

-- ----------------------------
-- Primary Key structure for table HIER_CNTXT
-- ----------------------------
ALTER TABLE "DSV_ASSRT"."HIER_CNTXT" ADD PRIMARY KEY ("HIER_CNTXT_CD");

-- ----------------------------
-- Indexes structure for table LOGIC_STAT
-- ----------------------------

-- ----------------------------
-- Checks structure for table LOGIC_STAT
-- ----------------------------
ALTER TABLE "DSV_ASSRT"."LOGIC_STAT" ADD CHECK ("LOGIC_STAT_CD" IS NOT NULL);
ALTER TABLE "DSV_ASSRT"."LOGIC_STAT" ADD CHECK ("CRE8_UID" IS NOT NULL);
ALTER TABLE "DSV_ASSRT"."LOGIC_STAT" ADD CHECK ("CRE8_TS" IS NOT NULL);
ALTER TABLE "DSV_ASSRT"."LOGIC_STAT" ADD CHECK ("LST_UPDT_UID" IS NOT NULL);
ALTER TABLE "DSV_ASSRT"."LOGIC_STAT" ADD CHECK ("LST_UPDT_TS" IS NOT NULL);
ALTER TABLE "DSV_ASSRT"."LOGIC_STAT" ADD CHECK ("LOGIC_STAT_CD" IS NOT NULL);
ALTER TABLE "DSV_ASSRT"."LOGIC_STAT" ADD CHECK ("CRE8_UID" IS NOT NULL);
ALTER TABLE "DSV_ASSRT"."LOGIC_STAT" ADD CHECK ("CRE8_TS" IS NOT NULL);
ALTER TABLE "DSV_ASSRT"."LOGIC_STAT" ADD CHECK ("LST_UPDT_UID" IS NOT NULL);
ALTER TABLE "DSV_ASSRT"."LOGIC_STAT" ADD CHECK ("LST_UPDT_TS" IS NOT NULL);

-- ----------------------------
-- Primary Key structure for table LOGIC_STAT
-- ----------------------------
ALTER TABLE "DSV_ASSRT"."LOGIC_STAT" ADD PRIMARY KEY ("LOGIC_STAT_CD");

-- ----------------------------
-- Indexes structure for table LVL
-- ----------------------------

-- ----------------------------
-- Checks structure for table LVL
-- ----------------------------
ALTER TABLE "DSV_ASSRT"."LVL" ADD CHECK ("LVL_ID" IS NOT NULL);
ALTER TABLE "DSV_ASSRT"."LVL" ADD CHECK ("CRE8_UID" IS NOT NULL);
ALTER TABLE "DSV_ASSRT"."LVL" ADD CHECK ("CRE8_TS" IS NOT NULL);
ALTER TABLE "DSV_ASSRT"."LVL" ADD CHECK ("STR_DEPT_NBR" IS NOT NULL);
ALTER TABLE "DSV_ASSRT"."LVL" ADD CHECK ("STR_SUB_DEPT_ID" IS NOT NULL);
ALTER TABLE "DSV_ASSRT"."LVL" ADD CHECK ("ITM_CLS" IS NOT NULL);
ALTER TABLE "DSV_ASSRT"."LVL" ADD CHECK ("LVL_ID" IS NOT NULL);
ALTER TABLE "DSV_ASSRT"."LVL" ADD CHECK ("CRE8_UID" IS NOT NULL);
ALTER TABLE "DSV_ASSRT"."LVL" ADD CHECK ("CRE8_TS" IS NOT NULL);
ALTER TABLE "DSV_ASSRT"."LVL" ADD CHECK ("STR_DEPT_NBR" IS NOT NULL);
ALTER TABLE "DSV_ASSRT"."LVL" ADD CHECK ("STR_SUB_DEPT_ID" IS NOT NULL);
ALTER TABLE "DSV_ASSRT"."LVL" ADD CHECK ("ITM_CLS" IS NOT NULL);

-- ----------------------------
-- Primary Key structure for table LVL
-- ----------------------------
ALTER TABLE "DSV_ASSRT"."LVL" ADD PRIMARY KEY ("LVL_ID");

-- ----------------------------
-- Indexes structure for table LVL_TYP
-- ----------------------------

-- ----------------------------
-- Checks structure for table LVL_TYP
-- ----------------------------
ALTER TABLE "DSV_ASSRT"."LVL_TYP" ADD CHECK ("LVL_TYP_CD" IS NOT NULL);
ALTER TABLE "DSV_ASSRT"."LVL_TYP" ADD CHECK ("LVL_TYP_CD" IS NOT NULL);

-- ----------------------------
-- Primary Key structure for table LVL_TYP
-- ----------------------------
ALTER TABLE "DSV_ASSRT"."LVL_TYP" ADD PRIMARY KEY ("LVL_TYP_CD");

-- ----------------------------
-- Indexes structure for table PROC_STAT
-- ----------------------------

-- ----------------------------
-- Checks structure for table PROC_STAT
-- ----------------------------
ALTER TABLE "DSV_ASSRT"."PROC_STAT" ADD CHECK ("PROC_STAT_CD" IS NOT NULL);
ALTER TABLE "DSV_ASSRT"."PROC_STAT" ADD CHECK ("CRE8_UID" IS NOT NULL);
ALTER TABLE "DSV_ASSRT"."PROC_STAT" ADD CHECK ("CRE8_TS" IS NOT NULL);
ALTER TABLE "DSV_ASSRT"."PROC_STAT" ADD CHECK ("LST_UPDT_UID" IS NOT NULL);
ALTER TABLE "DSV_ASSRT"."PROC_STAT" ADD CHECK ("LST_UPDT_TS" IS NOT NULL);
ALTER TABLE "DSV_ASSRT"."PROC_STAT" ADD CHECK ("PROC_STAT_CD" IS NOT NULL);
ALTER TABLE "DSV_ASSRT"."PROC_STAT" ADD CHECK ("CRE8_UID" IS NOT NULL);
ALTER TABLE "DSV_ASSRT"."PROC_STAT" ADD CHECK ("CRE8_TS" IS NOT NULL);
ALTER TABLE "DSV_ASSRT"."PROC_STAT" ADD CHECK ("LST_UPDT_UID" IS NOT NULL);
ALTER TABLE "DSV_ASSRT"."PROC_STAT" ADD CHECK ("LST_UPDT_TS" IS NOT NULL);

-- ----------------------------
-- Primary Key structure for table PROC_STAT
-- ----------------------------
ALTER TABLE "DSV_ASSRT"."PROC_STAT" ADD PRIMARY KEY ("PROC_STAT_CD");

-- ----------------------------
-- Indexes structure for table PROD_RULE_STAT
-- ----------------------------

-- ----------------------------
-- Checks structure for table PROD_RULE_STAT
-- ----------------------------
ALTER TABLE "DSV_ASSRT"."PROD_RULE_STAT" ADD CHECK ("PROD_SCN_CD" IS NOT NULL);
ALTER TABLE "DSV_ASSRT"."PROD_RULE_STAT" ADD CHECK ("VEND_ID" IS NOT NULL);
ALTER TABLE "DSV_ASSRT"."PROD_RULE_STAT" ADD CHECK ("THM_ID" IS NOT NULL);
ALTER TABLE "DSV_ASSRT"."PROD_RULE_STAT" ADD CHECK ("RULE_ID" IS NOT NULL);
ALTER TABLE "DSV_ASSRT"."PROD_RULE_STAT" ADD CHECK ("ERR_TS" IS NOT NULL);
ALTER TABLE "DSV_ASSRT"."PROD_RULE_STAT" ADD CHECK ("PROD_SCN_CD" IS NOT NULL);
ALTER TABLE "DSV_ASSRT"."PROD_RULE_STAT" ADD CHECK ("VEND_ID" IS NOT NULL);
ALTER TABLE "DSV_ASSRT"."PROD_RULE_STAT" ADD CHECK ("THM_ID" IS NOT NULL);
ALTER TABLE "DSV_ASSRT"."PROD_RULE_STAT" ADD CHECK ("RULE_ID" IS NOT NULL);
ALTER TABLE "DSV_ASSRT"."PROD_RULE_STAT" ADD CHECK ("ERR_TS" IS NOT NULL);

-- ----------------------------
-- Primary Key structure for table PROD_RULE_STAT
-- ----------------------------
ALTER TABLE "DSV_ASSRT"."PROD_RULE_STAT" ADD PRIMARY KEY ("PROD_SCN_CD", "VEND_ID", "THM_ID", "RULE_ID");

-- ----------------------------
-- Indexes structure for table RETL_CST
-- ----------------------------

-- ----------------------------
-- Checks structure for table RETL_CST
-- ----------------------------
ALTER TABLE "DSV_ASSRT"."RETL_CST" ADD CHECK ("PROD_SCN_CD" IS NOT NULL);
ALTER TABLE "DSV_ASSRT"."RETL_CST" ADD CHECK ("VEND_ID" IS NOT NULL);
ALTER TABLE "DSV_ASSRT"."RETL_CST" ADD CHECK ("MSRP_AMT" IS NOT NULL);
ALTER TABLE "DSV_ASSRT"."RETL_CST" ADD CHECK ("SRP_AMT" IS NOT NULL);
ALTER TABLE "DSV_ASSRT"."RETL_CST" ADD CHECK ("MAP_AMT" IS NOT NULL);
ALTER TABLE "DSV_ASSRT"."RETL_CST" ADD CHECK ("MAP_SW" IS NOT NULL);
ALTER TABLE "DSV_ASSRT"."RETL_CST" ADD CHECK ("PRE_PRC_AMT" IS NOT NULL);
ALTER TABLE "DSV_ASSRT"."RETL_CST" ADD CHECK ("HEB_CST_AMT" IS NOT NULL);
ALTER TABLE "DSV_ASSRT"."RETL_CST" ADD CHECK ("SHP_CST_AMT" IS NOT NULL);
ALTER TABLE "DSV_ASSRT"."RETL_CST" ADD CHECK ("CRE8_UID" IS NOT NULL);
ALTER TABLE "DSV_ASSRT"."RETL_CST" ADD CHECK ("CRE8_TS" IS NOT NULL);
ALTER TABLE "DSV_ASSRT"."RETL_CST" ADD CHECK ("PROD_SCN_CD" IS NOT NULL);
ALTER TABLE "DSV_ASSRT"."RETL_CST" ADD CHECK ("VEND_ID" IS NOT NULL);
ALTER TABLE "DSV_ASSRT"."RETL_CST" ADD CHECK ("MSRP_AMT" IS NOT NULL);
ALTER TABLE "DSV_ASSRT"."RETL_CST" ADD CHECK ("SRP_AMT" IS NOT NULL);
ALTER TABLE "DSV_ASSRT"."RETL_CST" ADD CHECK ("MAP_AMT" IS NOT NULL);
ALTER TABLE "DSV_ASSRT"."RETL_CST" ADD CHECK ("MAP_SW" IS NOT NULL);
ALTER TABLE "DSV_ASSRT"."RETL_CST" ADD CHECK ("PRE_PRC_AMT" IS NOT NULL);
ALTER TABLE "DSV_ASSRT"."RETL_CST" ADD CHECK ("HEB_CST_AMT" IS NOT NULL);
ALTER TABLE "DSV_ASSRT"."RETL_CST" ADD CHECK ("SHP_CST_AMT" IS NOT NULL);
ALTER TABLE "DSV_ASSRT"."RETL_CST" ADD CHECK ("CRE8_UID" IS NOT NULL);
ALTER TABLE "DSV_ASSRT"."RETL_CST" ADD CHECK ("CRE8_TS" IS NOT NULL);

-- ----------------------------
-- Primary Key structure for table RETL_CST
-- ----------------------------
ALTER TABLE "DSV_ASSRT"."RETL_CST" ADD PRIMARY KEY ("PROD_SCN_CD", "VEND_ID");

-- ----------------------------
-- Indexes structure for table REV_STAT
-- ----------------------------

-- ----------------------------
-- Checks structure for table REV_STAT
-- ----------------------------
ALTER TABLE "DSV_ASSRT"."REV_STAT" ADD CHECK ("REV_STAT_CD" IS NOT NULL);
ALTER TABLE "DSV_ASSRT"."REV_STAT" ADD CHECK ("REV_STAT_CD" IS NOT NULL);

-- ----------------------------
-- Primary Key structure for table REV_STAT
-- ----------------------------
ALTER TABLE "DSV_ASSRT"."REV_STAT" ADD PRIMARY KEY ("REV_STAT_CD");

-- ----------------------------
-- Indexes structure for table RULE
-- ----------------------------

-- ----------------------------
-- Checks structure for table RULE
-- ----------------------------
ALTER TABLE "DSV_ASSRT"."RULE" ADD CHECK ("RULE_ID" IS NOT NULL);
ALTER TABLE "DSV_ASSRT"."RULE" ADD CHECK ("RULE_NM" IS NOT NULL);
ALTER TABLE "DSV_ASSRT"."RULE" ADD CHECK ("CRE8_UID" IS NOT NULL);
ALTER TABLE "DSV_ASSRT"."RULE" ADD CHECK ("CRE8_TS" IS NOT NULL);
ALTER TABLE "DSV_ASSRT"."RULE" ADD CHECK ("RULE_ID" IS NOT NULL);
ALTER TABLE "DSV_ASSRT"."RULE" ADD CHECK ("RULE_NM" IS NOT NULL);
ALTER TABLE "DSV_ASSRT"."RULE" ADD CHECK ("CRE8_UID" IS NOT NULL);
ALTER TABLE "DSV_ASSRT"."RULE" ADD CHECK ("CRE8_TS" IS NOT NULL);

-- ----------------------------
-- Primary Key structure for table RULE
-- ----------------------------
ALTER TABLE "DSV_ASSRT"."RULE" ADD PRIMARY KEY ("RULE_ID");

-- ----------------------------
-- Indexes structure for table RULE_CAT
-- ----------------------------

-- ----------------------------
-- Checks structure for table RULE_CAT
-- ----------------------------
ALTER TABLE "DSV_ASSRT"."RULE_CAT" ADD CHECK ("RULE_CAT_ID" IS NOT NULL);
ALTER TABLE "DSV_ASSRT"."RULE_CAT" ADD CHECK ("RULE_CAT_ID" IS NOT NULL);

-- ----------------------------
-- Primary Key structure for table RULE_CAT
-- ----------------------------
ALTER TABLE "DSV_ASSRT"."RULE_CAT" ADD PRIMARY KEY ("RULE_CAT_ID");

-- ----------------------------
-- Indexes structure for table RULE_DEFNS
-- ----------------------------

-- ----------------------------
-- Checks structure for table RULE_DEFNS
-- ----------------------------
ALTER TABLE "DSV_ASSRT"."RULE_DEFNS" ADD CHECK ("RULE_ID" IS NOT NULL);
ALTER TABLE "DSV_ASSRT"."RULE_DEFNS" ADD CHECK ("SEQ_NBR" IS NOT NULL);
ALTER TABLE "DSV_ASSRT"."RULE_DEFNS" ADD CHECK ("LVL_ID" IS NOT NULL);
ALTER TABLE "DSV_ASSRT"."RULE_DEFNS" ADD CHECK ("LOGIC_OPRTR_ID" IS NOT NULL);
ALTER TABLE "DSV_ASSRT"."RULE_DEFNS" ADD CHECK ("RULE_CAT_1_ID" IS NOT NULL);
ALTER TABLE "DSV_ASSRT"."RULE_DEFNS" ADD CHECK ("MATH_OPRTR_ID" IS NOT NULL);
ALTER TABLE "DSV_ASSRT"."RULE_DEFNS" ADD CHECK ("VAL" IS NOT NULL);
ALTER TABLE "DSV_ASSRT"."RULE_DEFNS" ADD CHECK ("PCT_SW" IS NOT NULL);
ALTER TABLE "DSV_ASSRT"."RULE_DEFNS" ADD CHECK ("ACTV_SW" IS NOT NULL);
ALTER TABLE "DSV_ASSRT"."RULE_DEFNS" ADD CHECK ("CRE8_UID" IS NOT NULL);
ALTER TABLE "DSV_ASSRT"."RULE_DEFNS" ADD CHECK ("CRE8_TS" IS NOT NULL);
ALTER TABLE "DSV_ASSRT"."RULE_DEFNS" ADD CHECK ("RULE_ID" IS NOT NULL);
ALTER TABLE "DSV_ASSRT"."RULE_DEFNS" ADD CHECK ("SEQ_NBR" IS NOT NULL);
ALTER TABLE "DSV_ASSRT"."RULE_DEFNS" ADD CHECK ("LVL_ID" IS NOT NULL);
ALTER TABLE "DSV_ASSRT"."RULE_DEFNS" ADD CHECK ("LOGIC_OPRTR_ID" IS NOT NULL);
ALTER TABLE "DSV_ASSRT"."RULE_DEFNS" ADD CHECK ("RULE_CAT_1_ID" IS NOT NULL);
ALTER TABLE "DSV_ASSRT"."RULE_DEFNS" ADD CHECK ("MATH_OPRTR_ID" IS NOT NULL);
ALTER TABLE "DSV_ASSRT"."RULE_DEFNS" ADD CHECK ("VAL" IS NOT NULL);
ALTER TABLE "DSV_ASSRT"."RULE_DEFNS" ADD CHECK ("PCT_SW" IS NOT NULL);
ALTER TABLE "DSV_ASSRT"."RULE_DEFNS" ADD CHECK ("ACTV_SW" IS NOT NULL);
ALTER TABLE "DSV_ASSRT"."RULE_DEFNS" ADD CHECK ("CRE8_UID" IS NOT NULL);
ALTER TABLE "DSV_ASSRT"."RULE_DEFNS" ADD CHECK ("CRE8_TS" IS NOT NULL);

-- ----------------------------
-- Primary Key structure for table RULE_DEFNS
-- ----------------------------
ALTER TABLE "DSV_ASSRT"."RULE_DEFNS" ADD PRIMARY KEY ("RULE_ID", "SEQ_NBR", "LVL_ID");

-- ----------------------------
-- Indexes structure for table RULE_LOGIC_OPRTR
-- ----------------------------

-- ----------------------------
-- Checks structure for table RULE_LOGIC_OPRTR
-- ----------------------------
ALTER TABLE "DSV_ASSRT"."RULE_LOGIC_OPRTR" ADD CHECK ("LOGIC_OPRTR_ID" IS NOT NULL);
ALTER TABLE "DSV_ASSRT"."RULE_LOGIC_OPRTR" ADD CHECK ("LOGIC_OPRTR_ID" IS NOT NULL);

-- ----------------------------
-- Primary Key structure for table RULE_LOGIC_OPRTR
-- ----------------------------
ALTER TABLE "DSV_ASSRT"."RULE_LOGIC_OPRTR" ADD PRIMARY KEY ("LOGIC_OPRTR_ID");

-- ----------------------------
-- Indexes structure for table RULE_MATH_OPRTR
-- ----------------------------

-- ----------------------------
-- Checks structure for table RULE_MATH_OPRTR
-- ----------------------------
ALTER TABLE "DSV_ASSRT"."RULE_MATH_OPRTR" ADD CHECK ("MATH_OPRTR_ID" IS NOT NULL);
ALTER TABLE "DSV_ASSRT"."RULE_MATH_OPRTR" ADD CHECK ("MATH_OPRTR_ID" IS NOT NULL);

-- ----------------------------
-- Primary Key structure for table RULE_MATH_OPRTR
-- ----------------------------
ALTER TABLE "DSV_ASSRT"."RULE_MATH_OPRTR" ADD PRIMARY KEY ("MATH_OPRTR_ID");

-- ----------------------------
-- Indexes structure for table STG_ASRTNT_PROD
-- ----------------------------

-- ----------------------------
-- Checks structure for table STG_ASRTNT_PROD
-- ----------------------------
ALTER TABLE "DSV_ASSRT"."STG_ASRTNT_PROD" ADD CHECK ("VEND_ID" IS NOT NULL);
ALTER TABLE "DSV_ASSRT"."STG_ASRTNT_PROD" ADD CHECK ("PROD_SCN_CD" IS NOT NULL);
ALTER TABLE "DSV_ASSRT"."STG_ASRTNT_PROD" ADD CHECK ("CRE8_TS" IS NOT NULL);
ALTER TABLE "DSV_ASSRT"."STG_ASRTNT_PROD" ADD CHECK ("STG_FILE_TYP_CD" IS NOT NULL);
ALTER TABLE "DSV_ASSRT"."STG_ASRTNT_PROD" ADD CHECK ("VEND_ID" IS NOT NULL);
ALTER TABLE "DSV_ASSRT"."STG_ASRTNT_PROD" ADD CHECK ("PROD_SCN_CD" IS NOT NULL);
ALTER TABLE "DSV_ASSRT"."STG_ASRTNT_PROD" ADD CHECK ("CRE8_TS" IS NOT NULL);
ALTER TABLE "DSV_ASSRT"."STG_ASRTNT_PROD" ADD CHECK ("STG_FILE_TYP_CD" IS NOT NULL);

-- ----------------------------
-- Primary Key structure for table STG_ASRTNT_PROD
-- ----------------------------
ALTER TABLE "DSV_ASSRT"."STG_ASRTNT_PROD" ADD PRIMARY KEY ("VEND_ID", "PROD_SCN_CD", "CRE8_TS", "STG_FILE_TYP_CD");

-- ----------------------------
-- Indexes structure for table STG_FILE_TYP
-- ----------------------------

-- ----------------------------
-- Checks structure for table STG_FILE_TYP
-- ----------------------------
ALTER TABLE "DSV_ASSRT"."STG_FILE_TYP" ADD CHECK ("STG_FILE_TYP_CD" IS NOT NULL);
ALTER TABLE "DSV_ASSRT"."STG_FILE_TYP" ADD CHECK ("STG_FILE_TYP_CD" IS NOT NULL);

-- ----------------------------
-- Primary Key structure for table STG_FILE_TYP
-- ----------------------------
ALTER TABLE "DSV_ASSRT"."STG_FILE_TYP" ADD PRIMARY KEY ("STG_FILE_TYP_CD");

-- ----------------------------
-- Indexes structure for table STG_LD_STAT
-- ----------------------------

-- ----------------------------
-- Checks structure for table STG_LD_STAT
-- ----------------------------
ALTER TABLE "DSV_ASSRT"."STG_LD_STAT" ADD CHECK ("STG_LD_STAT_CD" IS NOT NULL);
ALTER TABLE "DSV_ASSRT"."STG_LD_STAT" ADD CHECK ("STG_LD_STAT_CD" IS NOT NULL);

-- ----------------------------
-- Primary Key structure for table STG_LD_STAT
-- ----------------------------
ALTER TABLE "DSV_ASSRT"."STG_LD_STAT" ADD PRIMARY KEY ("STG_LD_STAT_CD");

-- ----------------------------
-- Indexes structure for table THM
-- ----------------------------

-- ----------------------------
-- Checks structure for table THM
-- ----------------------------
ALTER TABLE "DSV_ASSRT"."THM" ADD CHECK ("THM_ID" IS NOT NULL);
ALTER TABLE "DSV_ASSRT"."THM" ADD CHECK ("THM_NM" IS NOT NULL);
ALTER TABLE "DSV_ASSRT"."THM" ADD CHECK ("PROC_SW" IS NOT NULL);
ALTER TABLE "DSV_ASSRT"."THM" ADD CHECK ("CRE8_UID" IS NOT NULL);
ALTER TABLE "DSV_ASSRT"."THM" ADD CHECK ("CRE8_TS" IS NOT NULL);
ALTER TABLE "DSV_ASSRT"."THM" ADD CHECK ("THM_STAT_CD" IS NOT NULL);
ALTER TABLE "DSV_ASSRT"."THM" ADD CHECK ("SOP_URL" IS NOT NULL);
ALTER TABLE "DSV_ASSRT"."THM" ADD CHECK ("THM_ID" IS NOT NULL);
ALTER TABLE "DSV_ASSRT"."THM" ADD CHECK ("THM_NM" IS NOT NULL);
ALTER TABLE "DSV_ASSRT"."THM" ADD CHECK ("PROC_SW" IS NOT NULL);
ALTER TABLE "DSV_ASSRT"."THM" ADD CHECK ("CRE8_UID" IS NOT NULL);
ALTER TABLE "DSV_ASSRT"."THM" ADD CHECK ("CRE8_TS" IS NOT NULL);
ALTER TABLE "DSV_ASSRT"."THM" ADD CHECK ("THM_STAT_CD" IS NOT NULL);
ALTER TABLE "DSV_ASSRT"."THM" ADD CHECK ("SOP_URL" IS NOT NULL);

-- ----------------------------
-- Primary Key structure for table THM
-- ----------------------------
ALTER TABLE "DSV_ASSRT"."THM" ADD PRIMARY KEY ("THM_ID");

-- ----------------------------
-- Indexes structure for table THM_RULES
-- ----------------------------

-- ----------------------------
-- Checks structure for table THM_RULES
-- ----------------------------
ALTER TABLE "DSV_ASSRT"."THM_RULES" ADD CHECK ("RULE_ID" IS NOT NULL);
ALTER TABLE "DSV_ASSRT"."THM_RULES" ADD CHECK ("THM_ID" IS NOT NULL);
ALTER TABLE "DSV_ASSRT"."THM_RULES" ADD CHECK ("EXEC_ORD_NBR" IS NOT NULL);
ALTER TABLE "DSV_ASSRT"."THM_RULES" ADD CHECK ("ACTV_SW" IS NOT NULL);
ALTER TABLE "DSV_ASSRT"."THM_RULES" ADD CHECK ("INCLUSION_SW" IS NOT NULL);
ALTER TABLE "DSV_ASSRT"."THM_RULES" ADD CHECK ("RULE_ID" IS NOT NULL);
ALTER TABLE "DSV_ASSRT"."THM_RULES" ADD CHECK ("THM_ID" IS NOT NULL);
ALTER TABLE "DSV_ASSRT"."THM_RULES" ADD CHECK ("EXEC_ORD_NBR" IS NOT NULL);
ALTER TABLE "DSV_ASSRT"."THM_RULES" ADD CHECK ("ACTV_SW" IS NOT NULL);
ALTER TABLE "DSV_ASSRT"."THM_RULES" ADD CHECK ("INCLUSION_SW" IS NOT NULL);

-- ----------------------------
-- Primary Key structure for table THM_RULES
-- ----------------------------
ALTER TABLE "DSV_ASSRT"."THM_RULES" ADD PRIMARY KEY ("RULE_ID", "THM_ID");

-- ----------------------------
-- Indexes structure for table VAL_TYP
-- ----------------------------

-- ----------------------------
-- Checks structure for table VAL_TYP
-- ----------------------------
ALTER TABLE "DSV_ASSRT"."VAL_TYP" ADD CHECK ("VAL_TYP_CD" IS NOT NULL);
ALTER TABLE "DSV_ASSRT"."VAL_TYP" ADD CHECK ("VAL_TYP_CD" IS NOT NULL);

-- ----------------------------
-- Primary Key structure for table VAL_TYP
-- ----------------------------
ALTER TABLE "DSV_ASSRT"."VAL_TYP" ADD PRIMARY KEY ("VAL_TYP_CD");

-- ----------------------------
-- Indexes structure for table VEND_PROD_STAT
-- ----------------------------

-- ----------------------------
-- Checks structure for table VEND_PROD_STAT
-- ----------------------------
ALTER TABLE "DSV_ASSRT"."VEND_PROD_STAT" ADD CHECK ("VEND_PROD_STAT_CD" IS NOT NULL);
ALTER TABLE "DSV_ASSRT"."VEND_PROD_STAT" ADD CHECK ("CRE8_UID" IS NOT NULL);
ALTER TABLE "DSV_ASSRT"."VEND_PROD_STAT" ADD CHECK ("CRE8_TS" IS NOT NULL);
ALTER TABLE "DSV_ASSRT"."VEND_PROD_STAT" ADD CHECK ("LST_UPDT_UID" IS NOT NULL);
ALTER TABLE "DSV_ASSRT"."VEND_PROD_STAT" ADD CHECK ("LST_UPDT_TS" IS NOT NULL);
ALTER TABLE "DSV_ASSRT"."VEND_PROD_STAT" ADD CHECK ("VEND_PROD_STAT_CD" IS NOT NULL);
ALTER TABLE "DSV_ASSRT"."VEND_PROD_STAT" ADD CHECK ("CRE8_UID" IS NOT NULL);
ALTER TABLE "DSV_ASSRT"."VEND_PROD_STAT" ADD CHECK ("CRE8_TS" IS NOT NULL);
ALTER TABLE "DSV_ASSRT"."VEND_PROD_STAT" ADD CHECK ("LST_UPDT_UID" IS NOT NULL);
ALTER TABLE "DSV_ASSRT"."VEND_PROD_STAT" ADD CHECK ("LST_UPDT_TS" IS NOT NULL);

-- ----------------------------
-- Primary Key structure for table VEND_PROD_STAT
-- ----------------------------
ALTER TABLE "DSV_ASSRT"."VEND_PROD_STAT" ADD PRIMARY KEY ("VEND_PROD_STAT_CD");

-- ----------------------------
-- Indexes structure for table WEB_STAT
-- ----------------------------

-- ----------------------------
-- Checks structure for table WEB_STAT
-- ----------------------------
ALTER TABLE "DSV_ASSRT"."WEB_STAT" ADD CHECK ("WEB_STAT_CD" IS NOT NULL);
ALTER TABLE "DSV_ASSRT"."WEB_STAT" ADD CHECK ("WEB_STAT_CD" IS NOT NULL);

-- ----------------------------
-- Primary Key structure for table WEB_STAT
-- ----------------------------
ALTER TABLE "DSV_ASSRT"."WEB_STAT" ADD PRIMARY KEY ("WEB_STAT_CD");

-- ----------------------------
-- Foreign Key structure for table "DSV_ASSRT"."CMPTR_LVL"
-- ----------------------------
ALTER TABLE "DSV_ASSRT"."CMPTR_LVL" ADD FOREIGN KEY ("LVL_ID") REFERENCES "DSV_ASSRT"."LVL" ("LVL_ID");

-- ----------------------------
-- Foreign Key structure for table "DSV_ASSRT"."DSV_PROD_CTLG"
-- ----------------------------
ALTER TABLE "DSV_ASSRT"."DSV_PROD_CTLG" ADD FOREIGN KEY ("REV_STAT_CD") REFERENCES "DSV_ASSRT"."REV_STAT" ("REV_STAT_CD") ON DELETE SET NULL;
ALTER TABLE "DSV_ASSRT"."DSV_PROD_CTLG" ADD FOREIGN KEY ("WEB_STAT_CD") REFERENCES "DSV_ASSRT"."WEB_STAT" ("WEB_STAT_CD") ON DELETE SET NULL;

-- ----------------------------
-- Foreign Key structure for table "DSV_ASSRT"."DSV_STG_HDR"
-- ----------------------------
ALTER TABLE "DSV_ASSRT"."DSV_STG_HDR" ADD FOREIGN KEY ("ERR_TYP_CD") REFERENCES "DSV_ASSRT"."ERR_TYP" ("ERR_TYP_CD") ON DELETE SET NULL;
ALTER TABLE "DSV_ASSRT"."DSV_STG_HDR" ADD FOREIGN KEY ("PROC_STAT_CD") REFERENCES "DSV_ASSRT"."PROC_STAT" ("PROC_STAT_CD") ON DELETE SET NULL;
ALTER TABLE "DSV_ASSRT"."DSV_STG_HDR" ADD FOREIGN KEY ("VEND_PROD_STAT_CD") REFERENCES "DSV_ASSRT"."VEND_PROD_STAT" ("VEND_PROD_STAT_CD") ON DELETE SET NULL;
ALTER TABLE "DSV_ASSRT"."DSV_STG_HDR" ADD FOREIGN KEY ("LOGIC_STAT_CD") REFERENCES "DSV_ASSRT"."LOGIC_STAT" ("LOGIC_STAT_CD") ON DELETE SET NULL;
ALTER TABLE "DSV_ASSRT"."DSV_STG_HDR" ADD FOREIGN KEY ("VEND_ID") REFERENCES "DSV_ASSRT"."DSV_VEND" ("VEND_ID");

-- ----------------------------
-- Foreign Key structure for table "DSV_ASSRT"."DSV_STG_PROD_DTL"
-- ----------------------------
ALTER TABLE "DSV_ASSRT"."DSV_STG_PROD_DTL" ADD FOREIGN KEY ("VEND_ID", "PROD_SCN_CD") REFERENCES "DSV_ASSRT"."DSV_STG_HDR" ("VEND_ID", "PROD_SCN_CD");

-- ----------------------------
-- Foreign Key structure for table "DSV_ASSRT"."DSV_STG_RETL_CST_DTL"
-- ----------------------------
ALTER TABLE "DSV_ASSRT"."DSV_STG_RETL_CST_DTL" ADD FOREIGN KEY ("VEND_ID", "PROD_SCN_CD") REFERENCES "DSV_ASSRT"."DSV_STG_HDR" ("VEND_ID", "PROD_SCN_CD");

-- ----------------------------
-- Foreign Key structure for table "DSV_ASSRT"."DTA_LD_STAT"
-- ----------------------------
ALTER TABLE "DSV_ASSRT"."DTA_LD_STAT" ADD FOREIGN KEY ("STG_FILE_TYP_CD") REFERENCES "DSV_ASSRT"."STG_FILE_TYP" ("STG_FILE_TYP_CD");
ALTER TABLE "DSV_ASSRT"."DTA_LD_STAT" ADD FOREIGN KEY ("STG_LD_STAT_CD") REFERENCES "DSV_ASSRT"."STG_LD_STAT" ("STG_LD_STAT_CD") ON DELETE SET NULL;

-- ----------------------------
-- Foreign Key structure for table "DSV_ASSRT"."ENTY"
-- ----------------------------
ALTER TABLE "DSV_ASSRT"."ENTY" ADD FOREIGN KEY ("ENTY_TYP_CD") REFERENCES "DSV_ASSRT"."ENTY_TYP" ("ENTY_TYP_CD") ON DELETE SET NULL;

-- ----------------------------
-- Foreign Key structure for table "DSV_ASSRT"."ENTY_DES"
-- ----------------------------
ALTER TABLE "DSV_ASSRT"."ENTY_DES" ADD FOREIGN KEY ("ENTY_ID") REFERENCES "DSV_ASSRT"."ENTY" ("ENTY_ID");
ALTER TABLE "DSV_ASSRT"."ENTY_DES" ADD FOREIGN KEY ("HIER_CNTXT_CD") REFERENCES "DSV_ASSRT"."HIER_CNTXT" ("HIER_CNTXT_CD");

-- ----------------------------
-- Foreign Key structure for table "DSV_ASSRT"."ENTY_RLSHP"
-- ----------------------------
ALTER TABLE "DSV_ASSRT"."ENTY_RLSHP" ADD FOREIGN KEY ("CHILD_ENTY_ID") REFERENCES "DSV_ASSRT"."ENTY" ("ENTY_ID");
ALTER TABLE "DSV_ASSRT"."ENTY_RLSHP" ADD FOREIGN KEY ("PARNT_ENTY_ID") REFERENCES "DSV_ASSRT"."ENTY" ("ENTY_ID");
ALTER TABLE "DSV_ASSRT"."ENTY_RLSHP" ADD FOREIGN KEY ("HIER_CNTXT_CD") REFERENCES "DSV_ASSRT"."HIER_CNTXT" ("HIER_CNTXT_CD");

-- ----------------------------
-- Foreign Key structure for table "DSV_ASSRT"."FUTR_RETL_CST"
-- ----------------------------
ALTER TABLE "DSV_ASSRT"."FUTR_RETL_CST" ADD FOREIGN KEY ("REV_STAT_CD") REFERENCES "DSV_ASSRT"."REV_STAT" ("REV_STAT_CD") ON DELETE SET NULL;

-- ----------------------------
-- Foreign Key structure for table "DSV_ASSRT"."LVL"
-- ----------------------------
ALTER TABLE "DSV_ASSRT"."LVL" ADD FOREIGN KEY ("LVL_TYP_CD") REFERENCES "DSV_ASSRT"."LVL_TYP" ("LVL_TYP_CD") ON DELETE SET NULL;

-- ----------------------------
-- Foreign Key structure for table "DSV_ASSRT"."PROD_RULE_STAT"
-- ----------------------------
ALTER TABLE "DSV_ASSRT"."PROD_RULE_STAT" ADD FOREIGN KEY ("ERR_TYP_CD") REFERENCES "DSV_ASSRT"."ERR_TYP" ("ERR_TYP_CD") ON DELETE SET NULL;
ALTER TABLE "DSV_ASSRT"."PROD_RULE_STAT" ADD FOREIGN KEY ("VEND_ID", "PROD_SCN_CD") REFERENCES "DSV_ASSRT"."DSV_PROD_CTLG" ("VEND_ID", "PROD_SCN_CD");
ALTER TABLE "DSV_ASSRT"."PROD_RULE_STAT" ADD FOREIGN KEY ("RULE_ID", "THM_ID") REFERENCES "DSV_ASSRT"."THM_RULES" ("RULE_ID", "THM_ID");

-- ----------------------------
-- Foreign Key structure for table "DSV_ASSRT"."RULE_CAT"
-- ----------------------------
ALTER TABLE "DSV_ASSRT"."RULE_CAT" ADD FOREIGN KEY ("LVL_ID") REFERENCES "DSV_ASSRT"."LVL" ("LVL_ID") ON DELETE SET NULL;

-- ----------------------------
-- Foreign Key structure for table "DSV_ASSRT"."RULE_DEFNS"
-- ----------------------------
ALTER TABLE "DSV_ASSRT"."RULE_DEFNS" ADD FOREIGN KEY ("LOGIC_OPRTR_ID") REFERENCES "DSV_ASSRT"."RULE_LOGIC_OPRTR" ("LOGIC_OPRTR_ID");
ALTER TABLE "DSV_ASSRT"."RULE_DEFNS" ADD FOREIGN KEY ("MATH_OPRTR_ID") REFERENCES "DSV_ASSRT"."RULE_MATH_OPRTR" ("MATH_OPRTR_ID");
ALTER TABLE "DSV_ASSRT"."RULE_DEFNS" ADD FOREIGN KEY ("RULE_CAT_1_ID") REFERENCES "DSV_ASSRT"."RULE_CAT" ("RULE_CAT_ID");
ALTER TABLE "DSV_ASSRT"."RULE_DEFNS" ADD FOREIGN KEY ("RULE_CAT_2_ID") REFERENCES "DSV_ASSRT"."RULE_CAT" ("RULE_CAT_ID") ON DELETE SET NULL;
ALTER TABLE "DSV_ASSRT"."RULE_DEFNS" ADD FOREIGN KEY ("RULE_CAT_3_ID") REFERENCES "DSV_ASSRT"."RULE_CAT" ("RULE_CAT_ID") ON DELETE SET NULL;
ALTER TABLE "DSV_ASSRT"."RULE_DEFNS" ADD FOREIGN KEY ("VAL_TYP_CD") REFERENCES "DSV_ASSRT"."VAL_TYP" ("VAL_TYP_CD") ON DELETE SET NULL;
ALTER TABLE "DSV_ASSRT"."RULE_DEFNS" ADD FOREIGN KEY ("ACT_TYP_CD") REFERENCES "DSV_ASSRT"."ACT_TYP" ("ACT_TYP_CD") ON DELETE SET NULL;
ALTER TABLE "DSV_ASSRT"."RULE_DEFNS" ADD FOREIGN KEY ("RULE_ID") REFERENCES "DSV_ASSRT"."RULE" ("RULE_ID");
ALTER TABLE "DSV_ASSRT"."RULE_DEFNS" ADD FOREIGN KEY ("LVL_ID") REFERENCES "DSV_ASSRT"."LVL" ("LVL_ID");

-- ----------------------------
-- Foreign Key structure for table "DSV_ASSRT"."STG_ASRTNT_PROD"
-- ----------------------------
ALTER TABLE "DSV_ASSRT"."STG_ASRTNT_PROD" ADD FOREIGN KEY ("STG_FILE_TYP_CD") REFERENCES "DSV_ASSRT"."STG_FILE_TYP" ("STG_FILE_TYP_CD");

-- ----------------------------
-- Foreign Key structure for table "DSV_ASSRT"."THM_RULES"
-- ----------------------------
ALTER TABLE "DSV_ASSRT"."THM_RULES" ADD FOREIGN KEY ("THM_ID") REFERENCES "DSV_ASSRT"."THM" ("THM_ID");
ALTER TABLE "DSV_ASSRT"."THM_RULES" ADD FOREIGN KEY ("RULE_ID") REFERENCES "DSV_ASSRT"."RULE" ("RULE_ID");
